==================================================================
GPU 0: NVIDIA GeForce RTX 3060 Ti
     Multi-Processor Count: 38
     Max Threads Per Multi-Processor: 1536
     Warp Size: 32
     Max Threads Per Block: 1024
     Compute Capability: 8.6
     Number of Multi-Processors: 38
     Number of CUDA Cores Per SM: 128
     Total Number of CUDA Cores: 4864

CPU: 12th Gen Intel(R) Core(TM) i9-12900
     Number of Physical Cores: 16
     Number of Logical Cores: 24

Visual Studio: 2022 (v143), MSC_VER: 1944
CUDA Version: 12.5
==================================================================
transSetFile: ..\TransactionSets\pumsb.txt
dimension: 2113
transNum: 49046
itemIDmin: 0
itemIDmax: 7116
transLengthMin: 74
transLengthMax: 74
transLengthMean: 74

supportThreshold: 0.8

dimensionReduced: 25
transNumReduced: 49046
transLengthReducedMin: 11
transLengthReducedMax: 25
transLengthReducedMean: 23.5179

GPUtaskPercentage: 1.39884%
==================================================================
preprocessing_time(s): 0.012
computation_time(s): 0.159461
total_time(s): 0.171461

MFIsNumber: 3145
============================List of MFIs:=============================
1th: 11 { 7062 4438 4434 4432 4430 4428 4426 188 184 180 170 }   support: 0.820862  frequency: 40260
2th: 11 { 7062 4438 4436 4434 4432 4428 4426 188 184 180 170 }   support: 0.82076  frequency: 40255
3th: 11 { 7062 4438 4434 4432 4428 4426 265 260 184 180 170 }   support: 0.82021  frequency: 40228
4th: 11 { 7112 7062 4438 4436 4434 4432 4428 4426 184 180 170 }   support: 0.819802  frequency: 40208
5th: 11 { 7112 7062 4438 4434 4432 4430 4428 4426 184 180 170 }   support: 0.819251  frequency: 40181
6th: 11 { 7062 4940 4438 4428 4426 4404 3404 188 184 180 170 }   support: 0.818273  frequency: 40133
7th: 10 { 7112 7062 4438 4428 4426 265 260 184 180 170 }   support: 0.81654  frequency: 40048
8th: 9 { 7062 4438 4428 4426 188 184 180 170 17 }   support: 0.816275  frequency: 40035
9th: 10 { 7112 7062 4438 4428 4426 4404 3404 184 180 170 }   support: 0.816213  frequency: 40032
10th: 11 { 7092 7062 4438 4436 4434 4432 4430 4428 184 180 170 }   support: 0.815663  frequency: 40005
11th: 11 { 7092 7062 4438 4428 4426 4404 3404 188 184 180 170 }   support: 0.815418  frequency: 39993
12th: 11 { 7102 7062 4438 4436 4434 4432 4428 4426 184 180 170 }   support: 0.815357  frequency: 39990
13th: 11 { 7062 4940 4438 4432 4430 4428 4426 188 184 180 170 }   support: 0.815174  frequency: 39981
14th: 11 { 7062 4940 4438 4434 4428 4426 4404 3404 184 180 170 }   support: 0.814847  frequency: 39965
15th: 11 { 7062 4940 4438 4436 4434 4428 4426 188 184 180 170 }   support: 0.814766  frequency: 39961
16th: 11 { 7062 4940 4438 4434 4432 4430 4428 188 184 180 170 }   support: 0.814705  frequency: 39958
17th: 8 { 7082 7062 4438 4436 4434 184 180 170 }   support: 0.814705  frequency: 39958
18th: 11 { 7062 4940 4438 4432 4428 4426 4404 3404 184 180 170 }   support: 0.814623  frequency: 39954
19th: 11 { 7062 4940 4438 4434 4428 4426 265 260 184 180 170 }   support: 0.814582  frequency: 39952
20th: 10 { 7062 4940 4438 4436 4428 265 260 184 180 170 }   support: 0.814541  frequency: 39950
21th: 11 { 7062 4940 4438 4432 4428 4426 265 260 184 180 170 }   support: 0.814521  frequency: 39949
22th: 10 { 7062 4940 4438 4436 4428 4404 3404 184 180 170 }   support: 0.814378  frequency: 39942
23th: 11 { 7092 7062 4438 4404 3404 265 260 188 184 180 170 }   support: 0.814174  frequency: 39932
24th: 10 { 7102 7092 7062 4940 4438 4434 4428 184 180 170 }   support: 0.814134  frequency: 39930
25th: 11 { 7062 4940 4438 4434 4432 4428 4404 3404 184 180 170 }   support: 0.814134  frequency: 39930
26th: 11 { 7112 7062 4940 4438 4436 4434 4428 4426 184 180 170 }   support: 0.813971  frequency: 39922
27th: 11 { 7062 4940 4438 4434 4432 4428 265 260 184 180 170 }   support: 0.813971  frequency: 39922
28th: 10 { 7112 7062 4438 4430 4428 4426 188 184 180 170 }   support: 0.813889  frequency: 39918
29th: 10 { 7062 4940 4438 4430 4428 4404 3404 184 180 170 }   support: 0.813828  frequency: 39915
30th: 10 { 7062 4940 4438 4430 4428 265 260 184 180 170 }   support: 0.813807  frequency: 39914
31th: 11 { 7062 4940 4438 4436 4434 4432 4428 188 184 180 170 }   support: 0.813807  frequency: 39914
32th: 8 { 7082 7062 4438 4436 4428 184 180 170 }   support: 0.813604  frequency: 39904
33th: 11 { 7112 7062 4438 4434 4432 4428 4426 188 184 180 170 }   support: 0.813277  frequency: 39888
34th: 11 { 7092 7062 4438 4436 4434 4430 4428 4426 184 180 170 }   support: 0.813257  frequency: 39887
35th: 11 { 7112 7062 4940 4438 4432 4430 4428 4426 184 180 170 }   support: 0.813257  frequency: 39887
36th: 11 { 7112 7062 4940 4438 4434 4432 4430 4428 184 180 170 }   support: 0.813196  frequency: 39884
37th: 9 { 7102 7092 7062 4438 4428 188 184 180 170 }   support: 0.813175  frequency: 39883
38th: 10 { 7062 4940 4438 4436 4434 265 260 184 180 170 }   support: 0.813135  frequency: 39881
39th: 11 { 7112 7062 4940 4438 4436 4434 4432 4428 184 180 170 }   support: 0.813094  frequency: 39879
40th: 10 { 7062 4940 4438 4436 4434 4404 3404 184 180 170 }   support: 0.813053  frequency: 39877
41th: 10 { 7112 7062 4438 4432 4430 4428 188 184 180 170 }   support: 0.813053  frequency: 39877
42th: 10 { 7092 7062 4438 4436 4428 265 260 184 180 170 }   support: 0.813012  frequency: 39875
43th: 10 { 7112 7062 4438 4428 4404 3404 188 184 180 170 }   support: 0.81291  frequency: 39870
44th: 10 { 7062 4438 4436 4432 4404 3404 188 184 180 170 }   support: 0.81289  frequency: 39869
45th: 11 { 7062 4940 4438 4434 4430 4428 4426 188 184 180 170 }   support: 0.812788  frequency: 39864
46th: 11 { 7062 4940 4438 4434 4428 4404 3404 188 184 180 170 }   support: 0.812727  frequency: 39861
47th: 10 { 7092 7062 4438 4436 4428 4404 3404 184 180 170 }   support: 0.812686  frequency: 39859
48th: 9 { 7102 7092 7062 4438 4434 188 184 180 170 }   support: 0.812584  frequency: 39854
49th: 11 { 7092 7062 4438 4436 4432 4430 4428 4426 184 180 170 }   support: 0.812482  frequency: 39849
50th: 9 { 7112 7062 4438 4436 265 260 184 180 170 }   support: 0.812462  frequency: 39848
51th: 10 { 7102 7092 7062 4940 4438 4436 4434 184 180 170 }   support: 0.812441  frequency: 39847
52th: 11 { 7062 4940 4438 4432 4428 4404 3404 188 184 180 170 }   support: 0.812339  frequency: 39842
53th: 11 { 7092 7062 4438 4434 4428 4426 4404 3404 184 180 170 }   support: 0.812176  frequency: 39834
54th: 11 { 7092 7062 4438 4436 4434 4428 4426 188 184 180 170 }   support: 0.812095  frequency: 39830
55th: 11 { 7092 7062 4438 4434 4428 4426 265 260 184 180 170 }   support: 0.812074  frequency: 39829
56th: 10 { 7102 7062 4438 4434 4430 4428 4426 184 180 170 }   support: 0.812054  frequency: 39828
57th: 11 { 7092 7062 4940 4438 4428 4426 4404 3404 184 180 170 }   support: 0.812034  frequency: 39827
58th: 10 { 7112 7062 4438 4434 4428 265 260 184 180 170 }   support: 0.811993  frequency: 39825
59th: 11 { 7092 7062 4940 4438 4428 4426 265 260 184 180 170 }   support: 0.811993  frequency: 39825
60th: 9 { 7102 7062 4940 4438 4436 188 184 180 170 }   support: 0.811809  frequency: 39816
61th: 10 { 7062 4438 4436 4428 265 260 188 184 180 170 }   support: 0.811769  frequency: 39814
62th: 10 { 7112 7062 4438 4434 4428 4404 3404 184 180 170 }   support: 0.811748  frequency: 39813
63th: 11 { 7062 4940 4438 4434 4404 3404 265 260 184 180 170 }   support: 0.811707  frequency: 39811
64th: 10 { 7092 7062 4438 4436 4434 265 260 184 180 170 }   support: 0.811707  frequency: 39811
65th: 9 { 7112 7062 4438 4436 4404 3404 184 180 170 }   support: 0.811707  frequency: 39811
66th: 8 { 7112 7102 7062 4940 4438 4436 4434 170 }   support: 0.811687  frequency: 39810
67th: 11 { 7062 4438 4434 4428 4426 265 260 188 184 180 170 }   support: 0.811667  frequency: 39809
68th: 8 { 7102 7092 7062 4438 4430 4428 4426 170 }   support: 0.811626  frequency: 39807
69th: 10 { 7112 7062 4438 4434 4430 4428 188 184 180 170 }   support: 0.811585  frequency: 39805
70th: 10 { 7112 7062 4438 4404 3404 265 260 184 180 170 }   support: 0.811565  frequency: 39804
71th: 11 { 7112 7092 7062 4438 4436 4434 4428 4426 184 180 170 }   support: 0.811544  frequency: 39803
72th: 10 { 7112 7062 4438 4436 4434 4432 188 184 180 170 }   support: 0.811524  frequency: 39802
73th: 11 { 7062 4940 4438 4436 4432 4428 4426 188 184 180 170 }   support: 0.811503  frequency: 39801
74th: 10 { 7092 7062 4438 4436 4434 4404 3404 184 180 170 }   support: 0.811463  frequency: 39799
75th: 9 { 7102 7062 4438 4434 4432 4430 4428 4426 170 }   support: 0.811463  frequency: 39799
76th: 10 { 7112 7092 7062 4940 4438 4432 188 184 180 170 }   support: 0.811442  frequency: 39798
77th: 11 { 7092 7062 4438 4432 4428 4426 265 260 184 180 170 }   support: 0.811422  frequency: 39797
78th: 10 { 7062 4940 4438 4436 4404 3404 188 184 180 170 }   support: 0.811381  frequency: 39795
79th: 11 { 7092 7062 4438 4432 4428 4426 4404 3404 184 180 170 }   support: 0.811381  frequency: 39795
80th: 11 { 7112 7062 4940 4438 4434 4430 4428 4426 184 180 170 }   support: 0.811381  frequency: 39795
81th: 10 { 7102 7092 7062 4940 4438 4434 4432 184 180 170 }   support: 0.81134  frequency: 39793
82th: 10 { 7102 7092 7062 4940 4438 4428 4426 184 180 170 }   support: 0.81134  frequency: 39793
83th: 11 { 7092 7062 4438 4434 4432 4428 265 260 184 180 170 }   support: 0.811238  frequency: 39788
84th: 11 { 7092 7062 4438 4434 4432 4428 4404 3404 184 180 170 }   support: 0.811238  frequency: 39788
85th: 10 { 7112 7062 4438 4436 4432 4428 188 184 180 170 }   support: 0.811238  frequency: 39788
86th: 10 { 7112 7062 4438 4432 4428 265 260 184 180 170 }   support: 0.811218  frequency: 39787
87th: 10 { 7092 7062 4438 4430 4428 265 260 184 180 170 }   support: 0.811198  frequency: 39786
88th: 11 { 7062 4438 4432 4428 4426 265 260 188 184 180 170 }   support: 0.811157  frequency: 39784
89th: 10 { 7102 7092 7062 4940 4438 4436 4428 184 180 170 }   support: 0.811075  frequency: 39780
90th: 10 { 7092 7062 4438 4430 4428 4404 3404 184 180 170 }   support: 0.811075  frequency: 39780
91th: 8 { 7102 7062 4940 4438 4428 4426 188 170 }   support: 0.811035  frequency: 39778
92th: 11 { 7062 4940 4438 4428 4426 265 260 188 184 180 170 }   support: 0.810994  frequency: 39776
93th: 11 { 7092 7062 4438 4436 4434 4432 4428 188 184 180 170 }   support: 0.810994  frequency: 39776
94th: 8 { 7102 7062 4940 4438 4436 4434 188 170 }   support: 0.810994  frequency: 39776
95th: 7 { 7082 7062 4438 4436 4434 4428 170 }   support: 0.810973  frequency: 39775
96th: 9 { 7102 7092 7062 4940 4438 4436 4434 4428 170 }   support: 0.810892  frequency: 39771
97th: 9 { 7102 7062 4940 4438 4432 188 184 180 170 }   support: 0.810892  frequency: 39771
98th: 12 { 7092 7062 4440 4438 4436 4434 4432 4430 4428 4426 4414 170 }   support: 0.810871  frequency: 39770
99th: 10 { 7112 7062 4940 4438 4428 265 260 184 180 170 }   support: 0.810831  frequency: 39768
100th: 11 { 7092 7062 4438 4432 4430 4428 4426 188 184 180 170 }   support: 0.81081  frequency: 39767
101th: 9 { 7112 7102 7092 7062 4438 4434 184 180 170 }   support: 0.81079  frequency: 39766
102th: 10 { 7112 7062 4438 4432 4428 4404 3404 184 180 170 }   support: 0.810769  frequency: 39765
103th: 10 { 7102 7062 4438 4432 4430 4428 4426 184 180 170 }   support: 0.810749  frequency: 39764
104th: 11 { 7092 7062 4438 4434 4432 4430 4428 188 184 180 170 }   support: 0.810729  frequency: 39763
105th: 11 { 7112 7062 4940 4438 4436 4432 4428 4426 184 180 170 }   support: 0.810627  frequency: 39758
106th: 9 { 7112 7102 7062 4940 4438 4436 184 180 170 }   support: 0.810627  frequency: 39758
107th: 9 { 7062 4438 4436 4434 4432 4404 3404 188 170 }   support: 0.810627  frequency: 39758
108th: 11 { 7112 7092 7062 4438 4436 4434 4432 4428 184 180 170 }   support: 0.810606  frequency: 39757
109th: 10 { 7112 7062 4940 4438 4436 4430 4428 184 180 170 }   support: 0.810586  frequency: 39756
110th: 9 { 7062 4438 4434 4430 4428 4404 3404 188 170 }   support: 0.810586  frequency: 39756
111th: 8 { 7112 7102 7062 4438 188 184 180 170 }   support: 0.810586  frequency: 39756
112th: 9 { 7062 4438 4436 4432 4428 4404 3404 188 170 }   support: 0.810566  frequency: 39755
113th: 9 { 7112 7102 7092 7062 4438 4428 184 180 170 }   support: 0.810545  frequency: 39754
114th: 11 { 7062 4438 4434 4432 4428 265 260 188 184 180 170 }   support: 0.810545  frequency: 39754
115th: 10 { 7062 4438 4434 4432 4404 3404 265 260 188 170 }   support: 0.810525  frequency: 39753
116th: 10 { 7112 7062 4940 4438 4428 4404 3404 184 180 170 }   support: 0.810484  frequency: 39751
117th: 9 { 7062 4940 4438 4428 4426 184 180 170 17 }   support: 0.810341  frequency: 39744
118th: 8 { 7102 7062 4940 4438 4434 4432 188 170 }   support: 0.810321  frequency: 39743
119th: 10 { 7062 4438 4436 4434 265 260 188 184 180 170 }   support: 0.810301  frequency: 39742
120th: 10 { 7062 4438 4430 4428 265 260 188 184 180 170 }   support: 0.81028  frequency: 39741
121th: 8 { 7102 7092 7062 4438 4434 4428 188 170 }   support: 0.810239  frequency: 39739
122th: 10 { 7112 7062 4940 4438 4434 4432 4430 4428 4426 170 }   support: 0.810239  frequency: 39739
123th: 10 { 7062 4940 4438 4434 4432 4430 4428 4426 188 170 }   support: 0.810219  frequency: 39738
124th: 11 { 7092 7062 4438 4434 4428 4404 3404 188 184 180 170 }   support: 0.810199  frequency: 39737
125th: 11 { 7062 4940 4438 4432 4404 3404 265 260 184 180 170 }   support: 0.810199  frequency: 39737
126th: 10 { 7102 7092 7062 4940 4438 4432 4428 184 180 170 }   support: 0.810178  frequency: 39736
127th: 9 { 7102 7092 7062 4940 4438 4434 4432 4428 170 }   support: 0.810158  frequency: 39735
128th: 8 { 7112 7092 7062 4438 4432 4404 3404 170 }   support: 0.810137  frequency: 39734
129th: 9 { 7062 4438 4434 4428 4426 184 180 170 17 }   support: 0.810137  frequency: 39734
130th: 10 { 7062 4940 4438 4436 4430 4428 188 184 180 170 }   support: 0.810097  frequency: 39732
131th: 8 { 7112 7092 7062 4438 4436 4432 188 170 }   support: 0.810015  frequency: 39728
132th: 7 { 7102 7062 4940 4438 265 260 170 }   support: 0.809995  frequency: 39727
133th: 9 { 7062 4940 4438 4436 4428 4426 265 260 170 }   support: 0.809995  frequency: 39727
134th: 8 { 7112 7102 7062 4940 4438 4436 4428 170 }   support: 0.809974  frequency: 39726
135th: 8 { 7112 7062 4438 4436 4428 265 260 170 }   support: 0.809934  frequency: 39724
136th: 11 { 7092 7062 4940 4438 4428 4404 3404 188 184 180 170 }   support: 0.809934  frequency: 39724
137th: 9 { 7062 4438 4436 4432 4404 3404 265 260 170 }   support: 0.809934  frequency: 39724
138th: 9 { 7062 4940 4438 4436 4428 4426 4404 3404 170 }   support: 0.809913  frequency: 39723
139th: 10 { 7112 7062 4940 4438 4436 4434 4432 4428 4426 170 }   support: 0.809913  frequency: 39723
140th: 8 { 7112 7102 7092 7062 4438 4434 4428 170 }   support: 0.809913  frequency: 39723
141th: 8 { 7112 7102 7062 4940 4438 4434 4432 170 }   support: 0.809872  frequency: 39721
142th: 9 { 7102 7092 7062 4438 4436 188 184 180 170 }   support: 0.809872  frequency: 39721
143th: 9 { 7112 7062 4438 4436 4434 4432 4428 188 170 }   support: 0.809872  frequency: 39721
144th: 8 { 7112 7062 4940 4438 265 260 188 170 }   support: 0.809852  frequency: 39720
145th: 9 { 7062 4940 4438 4436 4434 4428 4404 3404 170 }   support: 0.809811  frequency: 39718
146th: 11 { 7112 7092 7062 4438 4434 4432 4430 4428 184 180 170 }   support: 0.809791  frequency: 39717
147th: 10 { 7062 4940 4438 4434 4432 4428 4426 4404 3404 170 }   support: 0.809791  frequency: 39717
148th: 9 { 7062 4438 4432 4428 4426 184 180 170 17 }   support: 0.80977  frequency: 39716
149th: 8 { 7102 7062 4940 4438 4436 4428 188 170 }   support: 0.80977  frequency: 39716
150th: 9 { 7062 4940 4438 4432 4430 4428 265 260 170 }   support: 0.80977  frequency: 39716
151th: 9 { 7062 4940 4438 4432 4430 4428 4404 3404 170 }   support: 0.809709  frequency: 39713
152th: 9 { 7062 4940 4438 4436 4434 4428 265 260 170 }   support: 0.809689  frequency: 39712
153th: 9 { 7062 4940 4438 4430 4428 4426 4404 3404 170 }   support: 0.809689  frequency: 39712
154th: 10 { 7102 7062 4438 4436 4434 4428 188 184 180 170 }   support: 0.809689  frequency: 39712
155th: 8 { 7112 7102 7062 4940 4438 4428 4426 170 }   support: 0.809668  frequency: 39711
156th: 10 { 7092 7062 4438 4428 4404 3404 265 260 188 170 }   support: 0.809668  frequency: 39711
157th: 10 { 7092 7062 4438 4436 4404 3404 188 184 180 170 }   support: 0.809607  frequency: 39708
158th: 9 { 7062 4940 4438 4430 4428 4426 265 260 170 }   support: 0.809587  frequency: 39707
159th: 9 { 7112 7062 4438 4432 4430 4428 4426 188 170 }   support: 0.809567  frequency: 39706
160th: 10 { 7062 4940 4438 4434 4432 4428 4426 265 260 170 }   support: 0.809546  frequency: 39705
161th: 11 { 7092 7062 4438 4434 4404 3404 265 260 184 180 170 }   support: 0.809546  frequency: 39705
162th: 11 { 7092 7062 4940 4438 4404 3404 265 260 184 180 170 }   support: 0.809505  frequency: 39703
163th: 9 { 7112 7062 4438 4434 4432 4430 4428 188 170 }   support: 0.809465  frequency: 39701
164th: 8 { 7112 7102 7092 7062 4438 4436 4434 170 }   support: 0.809465  frequency: 39701
165th: 9 { 7112 7062 4438 4428 4404 3404 265 260 170 }   support: 0.809444  frequency: 39700
166th: 9 { 7102 7062 4438 4436 4434 4430 4428 4426 170 }   support: 0.809424  frequency: 39699
167th: 11 { 7112 7092 7062 4438 4432 4430 4428 4426 184 180 170 }   support: 0.809424  frequency: 39699
168th: 9 { 7102 7092 7062 4940 4438 4434 4428 4426 170 }   support: 0.809383  frequency: 39697
169th: 12 { 7092 7062 4940 4438 4434 4432 4430 4428 4426 184 180 170 }   support: 0.809383  frequency: 39697
170th: 8 { 7112 7062 4438 4436 4428 4404 3404 170 }   support: 0.809363  frequency: 39696
171th: 7 { 7112 7102 7062 4438 4434 188 170 }   support: 0.809363  frequency: 39696
172th: 8 { 7102 7062 4940 4438 4432 4428 188 170 }   support: 0.809322  frequency: 39694
173th: 11 { 7062 4940 4438 4434 4432 4404 3404 188 184 180 170 }   support: 0.809322  frequency: 39694
174th: 7 { 7112 7102 7062 4438 4428 188 170 }   support: 0.809301  frequency: 39693
175th: 9 { 7112 7062 4438 4428 4426 4404 3404 188 170 }   support: 0.809301  frequency: 39693
176th: 11 { 7092 7062 4438 4432 4428 4404 3404 188 184 180 170 }   support: 0.80924  frequency: 39690
177th: 9 { 7092 7062 4438 4434 4432 265 260 188 170 }   support: 0.80922  frequency: 39689
178th: 9 { 7112 7092 7062 4940 4438 4432 4428 188 170 }   support: 0.8092  frequency: 39688
179th: 7 { 7102 7082 7062 4438 4436 4434 170 }   support: 0.809138  frequency: 39685
180th: 10 { 7112 7102 7062 4438 4436 4434 4428 184 180 170 }   support: 0.809118  frequency: 39684
181th: 9 { 7062 4940 4438 4428 188 184 180 170 17 }   support: 0.809098  frequency: 39683
182th: 10 { 7062 4940 4438 4436 4434 4432 4428 4426 188 170 }   support: 0.809057  frequency: 39681
183th: 10 { 7102 7062 4438 4434 4432 4428 188 184 180 170 }   support: 0.809016  frequency: 39679
184th: 11 { 7112 7062 4940 4438 4434 4428 4426 188 184 180 170 }   support: 0.808975  frequency: 39677
185th: 11 { 7092 7062 4438 4434 4430 4428 4426 188 184 180 170 }   support: 0.808975  frequency: 39677
186th: 9 { 7062 4438 4434 4428 188 184 180 170 17 }   support: 0.808934  frequency: 39675
187th: 7 { 7082 7062 4438 4436 4428 4426 170 }   support: 0.808914  frequency: 39674
188th: 10 { 7112 7062 4940 4438 4436 4428 188 184 180 170 }   support: 0.808914  frequency: 39674
189th: 8 { 7112 7062 4438 4432 265 260 188 170 }   support: 0.808894  frequency: 39673
190th: 7 { 7062 4940 4438 4432 188 170 17 }   support: 0.808873  frequency: 39672
191th: 12 { 7092 7062 4940 4438 4436 4434 4432 4428 4426 184 180 170 }   support: 0.808873  frequency: 39672
192th: 6 { 7092 7062 4438 4436 170 17 }   support: 0.808833  frequency: 39670
193th: 10 { 7102 7062 4438 4434 4428 4426 188 184 180 170 }   support: 0.808812  frequency: 39669
194th: 7 { 7082 7062 4438 4436 4434 4432 170 }   support: 0.808792  frequency: 39668
195th: 9 { 7112 7102 7092 7062 4438 4436 184 180 170 }   support: 0.808792  frequency: 39668
196th: 7 { 7062 4940 4438 265 260 170 17 }   support: 0.808771  frequency: 39667
197th: 10 { 7062 4940 4438 4434 4428 4404 3404 265 260 170 }   support: 0.808751  frequency: 39666
198th: 10 { 7062 4940 4438 4436 4432 265 260 184 180 170 }   support: 0.808751  frequency: 39666
199th: 9 { 7112 7062 4940 4438 4436 4434 4430 4428 170 }   support: 0.808731  frequency: 39665
200th: 9 { 7062 4438 265 260 188 184 180 170 17 }   support: 0.80871  frequency: 39664
201th: 7 { 7062 4438 4434 265 260 170 17 }   support: 0.80869  frequency: 39663
202th: 10 { 7102 7062 4438 4436 4430 4428 4426 184 180 170 }   support: 0.808669  frequency: 39662
203th: 10 { 7062 4940 4438 4432 4428 4404 3404 265 260 170 }   support: 0.808649  frequency: 39661
204th: 8 { 7082 7062 4438 4436 4432 184 180 170 }   support: 0.808649  frequency: 39661
205th: 12 { 7062 4438 4428 4426 4404 3404 265 260 188 184 180 170 }   support: 0.808649  frequency: 39661
206th: 8 { 7102 7092 7062 4438 4436 4434 188 170 }   support: 0.808629  frequency: 39660
207th: 9 { 7112 7102 7062 4940 4438 4432 184 180 170 }   support: 0.808629  frequency: 39660
208th: 10 { 7112 7062 4438 4434 4432 265 260 184 180 170 }   support: 0.808588  frequency: 39658
209th: 9 { 7112 7062 4438 4434 4428 4426 265 260 170 }   support: 0.808588  frequency: 39658
210th: 8 { 7112 7062 4438 4436 4434 265 260 170 }   support: 0.808527  frequency: 39655
211th: 9 { 7112 7062 4438 4434 4428 4426 4404 3404 170 }   support: 0.808466  frequency: 39652
212th: 9 { 7092 7062 4438 4428 4426 184 180 170 17 }   support: 0.808466  frequency: 39652
213th: 9 { 7062 4438 4432 4428 188 184 180 170 17 }   support: 0.808445  frequency: 39651
214th: 10 { 7062 4940 4438 4436 4432 4404 3404 184 180 170 }   support: 0.808445  frequency: 39651
215th: 8 { 7112 7102 7062 4940 4438 4432 4428 170 }   support: 0.808364  frequency: 39647
216th: 8 { 7062 4438 4430 4428 184 180 170 17 }   support: 0.808343  frequency: 39646
217th: 11 { 7092 7062 4438 4436 4432 4428 4426 188 184 180 170 }   support: 0.808323  frequency: 39645
218th: 7 { 7102 7062 4940 4438 4404 3404 170 }   support: 0.808302  frequency: 39644
219th: 9 { 7102 7062 4438 4428 265 260 184 180 170 }   support: 0.808302  frequency: 39644
220th: 7 { 7092 7062 4438 4434 188 170 17 }   support: 0.808302  frequency: 39644
221th: 8 { 7062 4438 4436 4428 184 180 170 17 }   support: 0.808241  frequency: 39641
222th: 11 { 7092 7062 4438 4428 4426 265 260 188 184 180 170 }   support: 0.8082  frequency: 39639
223th: 8 { 7102 7082 7062 4438 4436 184 180 170 }   support: 0.80818  frequency: 39638
224th: 9 { 7112 7062 4940 4438 4436 4432 4430 4428 170 }   support: 0.80816  frequency: 39637
225th: 8 { 7112 7062 4438 4430 4428 265 260 170 }   support: 0.80816  frequency: 39637
226th: 9 { 7102 7092 7062 4940 4438 4436 4434 4432 170 }   support: 0.808139  frequency: 39636
227th: 7 { 7102 7092 7062 4438 265 260 170 }   support: 0.808139  frequency: 39636
228th: 10 { 7112 7092 7062 4438 4436 4430 4428 184 180 170 }   support: 0.808139  frequency: 39636
229th: 7 { 7062 4940 4438 4434 4432 170 17 }   support: 0.808119  frequency: 39635
230th: 10 { 7112 7062 4438 4434 4432 4404 3404 184 180 170 }   support: 0.808119  frequency: 39635
231th: 9 { 7102 7092 7062 4438 4436 4430 184 180 170 }   support: 0.808119  frequency: 39635
232th: 9 { 7112 7062 4438 4434 4430 4428 4426 188 170 }   support: 0.808119  frequency: 39635
233th: 11 { 7112 7062 4940 4438 4432 4428 4426 188 184 180 170 }   support: 0.808099  frequency: 39634
234th: 8 { 7112 7062 4438 4436 4434 4404 3404 170 }   support: 0.808099  frequency: 39634
235th: 10 { 7112 7062 4940 4438 4430 4428 188 184 180 170 }   support: 0.808078  frequency: 39633
236th: 11 { 7112 7092 7062 4438 4434 4430 4428 4426 184 180 170 }   support: 0.808058  frequency: 39632
237th: 9 { 7102 7092 7062 4438 4432 188 184 180 170 }   support: 0.808058  frequency: 39632
238th: 10 { 7062 4940 4438 4434 4428 4426 4404 3404 188 170 }   support: 0.808037  frequency: 39631
239th: 10 { 7112 7092 7062 4438 4428 265 260 184 180 170 }   support: 0.807976  frequency: 39628
240th: 9 { 7092 7062 4438 4436 4434 4428 265 260 170 }   support: 0.807854  frequency: 39622
241th: 9 { 7112 7062 4438 4432 4428 4426 265 260 170 }   support: 0.807833  frequency: 39621
242th: 8 { 7102 7092 7062 4438 4428 4426 188 170 }   support: 0.807833  frequency: 39621
243th: 8 { 7112 7102 7092 7062 4438 4436 4428 170 }   support: 0.807813  frequency: 39620
244th: 9 { 7092 7062 4438 4436 4428 4426 265 260 170 }   support: 0.807793  frequency: 39619
245th: 9 { 7092 7062 4438 4436 4434 4428 4404 3404 170 }   support: 0.807772  frequency: 39618
246th: 9 { 7062 4940 4438 4436 4404 3404 265 260 170 }   support: 0.807752  frequency: 39617
247th: 10 { 7112 7062 4940 4438 4436 4434 188 184 180 170 }   support: 0.807752  frequency: 39617
248th: 11 { 7112 7092 7062 4438 4436 4432 4428 4426 184 180 170 }   support: 0.807752  frequency: 39617
249th: 11 { 7102 7062 4940 4438 4436 4434 4432 4428 184 180 170 }   support: 0.807711  frequency: 39615
250th: 8 { 7102 7062 4940 4438 4436 4432 4430 170 }   support: 0.807711  frequency: 39615
251th: 8 { 7112 7062 4438 4430 4428 4404 3404 170 }   support: 0.807691  frequency: 39614
252th: 10 { 7062 4940 4438 4432 4428 4426 4404 3404 188 170 }   support: 0.807691  frequency: 39614
253th: 8 { 7102 7062 4940 4438 4432 4430 4428 4426 }   support: 0.80763  frequency: 39611
254th: 9 { 7112 7062 4940 4438 4436 4430 4428 4426 170 }   support: 0.807609  frequency: 39610
255th: 9 { 7112 7062 4438 4434 4432 4428 265 260 170 }   support: 0.807609  frequency: 39610
256th: 9 { 7062 4438 4434 4432 4428 184 180 170 17 }   support: 0.807568  frequency: 39608
257th: 9 { 7102 7062 4438 4434 265 260 184 180 170 }   support: 0.807548  frequency: 39607
258th: 10 { 7112 7092 7062 4438 4428 4404 3404 184 180 170 }   support: 0.807548  frequency: 39607
259th: 9 { 7092 7062 4438 4436 4428 4426 4404 3404 170 }   support: 0.807548  frequency: 39607
260th: 9 { 7112 7062 4438 4436 4432 4428 4426 188 170 }   support: 0.807528  frequency: 39606
261th: 9 { 7112 7062 4438 4432 4428 4426 4404 3404 170 }   support: 0.807507  frequency: 39605
262th: 11 { 7112 7062 4940 4438 4434 4432 4428 188 184 180 170 }   support: 0.807487  frequency: 39604
263th: 8 { 4940 4438 265 260 184 180 170 17 }   support: 0.807446  frequency: 39602
264th: 9 { 7112 7062 4940 4438 4428 4426 265 260 170 }   support: 0.807426  frequency: 39601
265th: 10 { 7062 4438 4434 4430 4404 3404 188 184 180 170 }   support: 0.807426  frequency: 39601
266th: 11 { 7092 7062 4438 4432 4404 3404 265 260 184 180 170 }   support: 0.807405  frequency: 39600
267th: 8 { 7102 7092 7062 4438 4436 4428 188 170 }   support: 0.807405  frequency: 39600
268th: 8 { 7102 7062 4940 4438 4436 4432 4430 4428 }   support: 0.807344  frequency: 39597
269th: 10 { 7092 7062 4438 4436 4430 4428 188 184 180 170 }   support: 0.807324  frequency: 39596
270th: 10 { 7112 7102 7062 4438 4434 4432 4428 184 180 170 }   support: 0.807324  frequency: 39596
271th: 9 { 7112 7062 4438 4434 4432 4428 4404 3404 170 }   support: 0.807303  frequency: 39595
272th: 8 { 7112 7062 4438 4436 4430 4428 188 170 }   support: 0.807263  frequency: 39593
273th: 9 { 7102 4940 4438 4428 4426 188 184 180 170 }   support: 0.807242  frequency: 39592
274th: 8 { 4940 4438 4432 188 184 180 170 17 }   support: 0.807242  frequency: 39592
275th: 10 { 7112 7062 4438 4434 4404 3404 188 184 180 170 }   support: 0.807242  frequency: 39592
276th: 8 { 7102 7062 4438 4436 4432 4428 4426 188 }   support: 0.807222  frequency: 39591
277th: 9 { 7062 4940 4438 4434 4430 4428 4404 3404 170 }   support: 0.807201  frequency: 39590
278th: 9 { 7112 7062 4940 4438 4428 4426 4404 3404 170 }   support: 0.807181  frequency: 39589
279th: 7 { 7112 7102 7062 4438 4436 188 170 }   support: 0.807181  frequency: 39589
280th: 7 { 7062 4438 4432 265 260 170 17 }   support: 0.807161  frequency: 39588
281th: 9 { 7062 4940 4438 4436 4428 4404 3404 188 170 }   support: 0.80714  frequency: 39587
282th: 9 { 7092 7062 4438 4428 188 184 180 170 17 }   support: 0.807079  frequency: 39584
283th: 8 { 7112 7092 7062 4438 4430 4428 4426 188 }   support: 0.807079  frequency: 39584
284th: 8 { 7062 4940 4438 4430 265 260 188 170 }   support: 0.807079  frequency: 39584
285th: 9 { 7102 7062 4940 4438 4426 188 184 180 170 }   support: 0.807079  frequency: 39584
286th: 8 { 7102 7092 7062 4438 4434 4432 188 170 }   support: 0.807079  frequency: 39584
287th: 7 { 4940 4438 4428 4404 3404 170 17 }   support: 0.807079  frequency: 39584
288th: 9 { 7092 7062 4940 4438 4436 4434 4432 4428 188 }   support: 0.807059  frequency: 39583
289th: 9 { 7112 7092 7062 4940 4438 4434 4430 4428 4426 }   support: 0.807038  frequency: 39582
290th: 10 { 7112 7102 7062 4438 4434 4428 4426 184 180 170 }   support: 0.807038  frequency: 39582
291th: 11 { 7092 4438 4428 4404 3404 265 260 188 184 180 170 }   support: 0.807038  frequency: 39582
292th: 9 { 7112 4940 4438 265 260 188 184 180 170 }   support: 0.807018  frequency: 39581
293th: 9 { 7062 4940 4438 4434 4430 4428 265 260 170 }   support: 0.807018  frequency: 39581
294th: 7 { 7102 7062 4438 4436 4430 188 170 }   support: 0.807018  frequency: 39581
295th: 7 { 4438 4434 4428 4404 3404 170 17 }   support: 0.806998  frequency: 39580
296th: 10 { 7062 4940 4438 4434 4432 4428 4404 3404 188 170 }   support: 0.806998  frequency: 39580
297th: 8 { 7112 7102 7092 7062 4438 4434 4432 170 }   support: 0.806977  frequency: 39579
298th: 11 { 7092 7062 4940 4438 4436 4434 4430 4428 184 180 170 }   support: 0.806977  frequency: 39579
299th: 8 { 7102 7062 4438 4436 4432 4426 188 170 }   support: 0.806977  frequency: 39579
300th: 11 { 7092 7062 4940 4438 4434 4428 4404 3404 184 180 170 }   support: 0.806977  frequency: 39579
301th: 8 { 7062 4438 4436 188 184 180 170 17 }   support: 0.806957  frequency: 39578
302th: 8 { 7092 4438 4434 188 184 180 170 17 }   support: 0.806957  frequency: 39578
303th: 7 { 7092 7062 4438 265 260 170 17 }   support: 0.806957  frequency: 39578
304th: 11 { 7102 7062 4940 4438 4436 4434 4428 4426 184 180 170 }   support: 0.806936  frequency: 39577
305th: 7 { 7092 4438 4436 184 180 170 17 }   support: 0.806936  frequency: 39577
306th: 7 { 7112 7102 7092 7062 4940 4438 4436 }   support: 0.806916  frequency: 39576
307th: 8 { 7112 7102 7062 4940 4438 4436 4434 4428 }   support: 0.806916  frequency: 39576
308th: 10 { 7102 7092 7062 4940 4438 4436 4432 184 180 170 }   support: 0.806916  frequency: 39576
309th: 9 { 7112 7092 7062 4940 4438 4434 4432 188 170 }   support: 0.806896  frequency: 39575
310th: 8 { 7112 7092 4438 4428 4404 3404 188 170 }   support: 0.806896  frequency: 39575
311th: 8 { 4940 4438 4436 4428 265 260 188 170 }   support: 0.806875  frequency: 39574
312th: 9 { 7102 7062 4438 4428 4404 3404 184 180 170 }   support: 0.806875  frequency: 39574
313th: 9 { 7102 7062 4438 4436 4432 4430 4428 4426 170 }   support: 0.806875  frequency: 39574
314th: 6 { 7112 4438 4428 4426 170 17 }   support: 0.806875  frequency: 39574
315th: 6 { 7062 4438 4434 4430 170 17 }   support: 0.806875  frequency: 39574
316th: 9 { 7062 4438 4436 4434 4432 4426 4404 3404 170 }   support: 0.806875  frequency: 39574
317th: 8 { 4940 4438 4430 4404 3404 265 260 170 }   support: 0.806875  frequency: 39574
318th: 9 { 7062 4438 4436 4428 4426 265 260 188 170 }   support: 0.806834  frequency: 39572
319th: 9 { 7062 4438 4436 4434 4432 4426 265 260 170 }   support: 0.806834  frequency: 39572
320th: 7 { 7102 7092 7062 4940 4438 4432 4430 }   support: 0.806834  frequency: 39572
321th: 10 { 7102 7062 4438 4436 4434 4432 188 184 180 170 }   support: 0.806834  frequency: 39572
322th: 11 { 7092 7062 4940 4438 4434 4428 265 260 184 180 170 }   support: 0.806794  frequency: 39570
323th: 9 { 7062 4438 4428 265 260 184 180 170 17 }   support: 0.806773  frequency: 39569
324th: 8 { 7112 7102 7092 7062 4438 4428 4426 170 }   support: 0.806753  frequency: 39568
325th: 7 { 7102 7062 4438 4430 4428 4426 188 }   support: 0.806753  frequency: 39568
326th: 7 { 7102 4438 4404 3404 265 260 170 }   support: 0.806753  frequency: 39568
327th: 9 { 7102 4438 4434 4432 4426 188 184 180 170 }   support: 0.806732  frequency: 39567
328th: 9 { 7062 4940 4438 4436 4432 4428 265 260 170 }   support: 0.806732  frequency: 39567
329th: 10 { 7092 7062 4438 4436 4432 265 260 184 180 170 }   support: 0.806712  frequency: 39566
330th: 8 { 7062 4438 4428 4426 4404 3404 170 17 }   support: 0.806712  frequency: 39566
331th: 11 { 7102 7062 4940 4438 4434 4432 4428 4426 184 180 170 }   support: 0.806692  frequency: 39565
332th: 8 { 7112 7092 7062 4438 4432 4430 188 170 }   support: 0.806692  frequency: 39565
333th: 8 { 7062 4438 4404 3404 265 260 170 17 }   support: 0.806692  frequency: 39565
334th: 7 { 7112 7102 7062 4438 4434 4432 4430 }   support: 0.806692  frequency: 39565
335th: 7 { 7102 7082 7062 4438 4436 4428 170 }   support: 0.806692  frequency: 39565
336th: 10 { 7112 7092 7062 4438 4436 4434 4432 4428 4426 170 }   support: 0.806692  frequency: 39565
337th: 8 { 7112 7092 7062 4940 4438 4436 4430 4428 }   support: 0.806671  frequency: 39564
338th: 9 { 7062 4940 4438 4436 4434 4432 265 260 170 }   support: 0.806671  frequency: 39564
339th: 8 { 7112 7092 4940 4438 4428 265 260 170 }   support: 0.806651  frequency: 39563
340th: 9 { 7062 4940 4438 4436 4432 4428 4404 3404 170 }   support: 0.806651  frequency: 39563
341th: 8 { 7112 7092 4438 4434 4428 265 260 170 }   support: 0.806651  frequency: 39563
342th: 9 { 7062 4940 4438 4430 4428 4404 3404 188 170 }   support: 0.806651  frequency: 39563
343th: 8 { 7112 7092 4438 4430 4428 4426 188 170 }   support: 0.806631  frequency: 39562
344th: 5 { 7082 4940 4438 4434 4428 }   support: 0.806631  frequency: 39562
345th: 11 { 7062 4440 4438 4436 4434 4432 4430 4428 4426 4414 188 }   support: 0.80661  frequency: 39561
346th: 8 { 7102 4438 4426 265 260 184 180 170 }   support: 0.80659  frequency: 39560
347th: 7 { 7102 4438 4428 4404 3404 188 170 }   support: 0.80659  frequency: 39560
348th: 8 { 4438 4434 265 260 184 180 170 17 }   support: 0.80659  frequency: 39560
349th: 8 { 7112 7092 7062 4940 4438 4436 4430 170 }   support: 0.806569  frequency: 39559
350th: 8 { 4940 4438 4436 4426 4404 3404 188 170 }   support: 0.806549  frequency: 39558
351th: 7 { 4438 4432 4428 4404 3404 170 17 }   support: 0.806549  frequency: 39558
352th: 9 { 7062 4438 4436 4434 4432 4428 4426 4404 3404 }   support: 0.806529  frequency: 39557
353th: 10 { 7062 4940 4438 4436 4426 265 260 184 180 170 }   support: 0.806529  frequency: 39557
354th: 7 { 7082 7062 4438 4436 4432 4428 170 }   support: 0.806529  frequency: 39557
355th: 9 { 7062 4438 4436 4434 4432 4428 4426 265 260 }   support: 0.806529  frequency: 39557
356th: 9 { 7062 4940 4438 4436 4434 4432 4404 3404 170 }   support: 0.806529  frequency: 39557
357th: 11 { 7092 7062 4940 4438 4436 4428 4426 188 184 180 170 }   support: 0.806529  frequency: 39557
358th: 8 { 7112 7092 4438 4404 3404 265 260 170 }   support: 0.806508  frequency: 39556
359th: 9 { 4438 4434 4430 265 260 188 184 180 170 }   support: 0.806508  frequency: 39556
360th: 11 { 7092 7062 4940 4438 4436 4432 4430 4428 184 180 170 }   support: 0.806508  frequency: 39556
361th: 10 { 7112 4940 4438 4434 4432 4426 188 184 180 170 }   support: 0.806488  frequency: 39555
362th: 11 { 7102 7092 7062 4438 4436 4434 4432 4428 184 180 170 }   support: 0.806488  frequency: 39555
363th: 8 { 7102 7092 7062 4438 4434 4430 4428 4426 }   support: 0.806488  frequency: 39555
364th: 9 { 7062 4940 4438 4436 4434 4430 4428 188 170 }   support: 0.806488  frequency: 39555
365th: 5 { 7082 4940 4438 4428 4426 }   support: 0.806488  frequency: 39555
366th: 9 { 7092 4940 4438 4434 4428 4404 3404 188 170 }   support: 0.806467  frequency: 39554
367th: 9 { 7112 7102 7062 4438 4436 4434 4432 4428 170 }   support: 0.806467  frequency: 39554
368th: 10 { 7112 7102 7062 4438 4436 4434 4432 184 180 170 }   support: 0.806467  frequency: 39554
369th: 9 { 7102 7092 4438 4434 4428 188 184 180 170 }   support: 0.806447  frequency: 39553
370th: 11 { 4438 4434 4432 4404 3404 265 260 188 184 180 170 }   support: 0.806447  frequency: 39553
371th: 8 { 7092 7082 7062 4438 4436 184 180 170 }   support: 0.806447  frequency: 39553
372th: 11 { 7092 7062 4940 4438 4432 4428 4404 3404 184 180 170 }   support: 0.806447  frequency: 39553
373th: 9 { 7112 4438 4426 265 260 188 184 180 170 }   support: 0.806447  frequency: 39553
374th: 6 { 7102 4940 4438 4430 4428 188 }   support: 0.806427  frequency: 39552
375th: 6 { 4438 4436 4434 188 170 17 }   support: 0.806406  frequency: 39551
376th: 10 { 7062 4940 4438 4436 4426 4404 3404 184 180 170 }   support: 0.806406  frequency: 39551
377th: 6 { 7092 7062 4438 4404 3404 3403 }   support: 0.806406  frequency: 39551
378th: 9 { 7102 7092 4438 4430 4428 4426 184 180 170 }   support: 0.806406  frequency: 39551
379th: 8 { 7112 7092 7062 4438 4432 4430 4428 188 }   support: 0.806386  frequency: 39550
380th: 9 { 7102 4940 4438 4436 4434 188 184 180 170 }   support: 0.806386  frequency: 39550
381th: 9 { 7062 4438 4436 4434 4428 265 260 188 170 }   support: 0.806386  frequency: 39550
382th: 8 { 7112 7092 7062 4438 265 260 188 170 }   support: 0.806386  frequency: 39550
383th: 11 { 7092 7062 4940 4438 4432 4428 265 260 184 180 170 }   support: 0.806386  frequency: 39550
384th: 4 { 7102 4438 170 17 }   support: 0.806386  frequency: 39550
385th: 10 { 7092 7062 4940 4438 4436 265 260 184 180 170 }   support: 0.806365  frequency: 39549
386th: 6 { 4438 4434 4430 4428 170 17 }   support: 0.806365  frequency: 39549
387th: 9 { 7092 4940 4438 4434 4404 3404 265 260 170 }   support: 0.806365  frequency: 39549
388th: 8 { 7112 4940 4438 4434 4432 265 260 170 }   support: 0.806365  frequency: 39549
389th: 9 { 4940 4438 4434 4432 4428 265 260 188 170 }   support: 0.806345  frequency: 39548
390th: 8 { 7112 7092 7062 4438 4434 4428 265 260 }   support: 0.806325  frequency: 39547
391th: 9 { 7092 7062 4438 4430 4428 4426 265 260 170 }   support: 0.806325  frequency: 39547
392th: 8 { 4940 4438 4430 4428 265 260 188 170 }   support: 0.806325  frequency: 39547
393th: 11 { 7092 7062 4438 4434 4432 4404 3404 188 184 180 170 }   support: 0.806325  frequency: 39547
394th: 7 { 7092 4940 4438 4432 4430 265 260 }   support: 0.806325  frequency: 39547
395th: 6 { 7112 7062 4438 4426 170 17 }   support: 0.806304  frequency: 39546
396th: 9 { 7062 4438 4432 4430 4404 3404 265 260 170 }   support: 0.806304  frequency: 39546
397th: 9 { 7102 7092 7062 4940 4438 4436 4428 4426 170 }   support: 0.806304  frequency: 39546
398th: 9 { 7112 7092 7062 4438 4434 4432 4428 4426 188 }   support: 0.806304  frequency: 39546
399th: 9 { 7112 7092 4438 4432 4404 3404 184 180 170 }   support: 0.806304  frequency: 39546
400th: 8 { 7102 7062 4438 4434 4428 265 260 170 }   support: 0.806304  frequency: 39546
401th: 9 { 7092 7062 4940 4438 4434 265 260 188 170 }   support: 0.806284  frequency: 39545
402th: 10 { 7112 7062 4940 4438 4404 3404 188 184 180 170 }   support: 0.806284  frequency: 39545
403th: 10 { 7092 7062 4438 4436 4432 4404 3404 184 180 170 }   support: 0.806284  frequency: 39545
404th: 9 { 7112 7092 7062 4940 4438 4436 4432 4428 4426 }   support: 0.806284  frequency: 39545
405th: 9 { 7092 7062 4438 4430 4428 4426 4404 3404 170 }   support: 0.806284  frequency: 39545
406th: 7 { 4438 4432 4430 184 180 170 17 }   support: 0.806284  frequency: 39545
407th: 5 { 7082 4940 4438 4436 4426 }   support: 0.806264  frequency: 39544
408th: 6 { 7102 7092 4438 4434 4404 3404 }   support: 0.806264  frequency: 39544
409th: 8 { 7112 7102 7062 4940 4438 4436 4432 170 }   support: 0.806243  frequency: 39543
410th: 8 { 4940 4438 4436 4434 4432 4428 4404 3404 }   support: 0.806243  frequency: 39543
411th: 11 { 7092 7062 4940 4438 4436 4434 4428 188 184 180 170 }   support: 0.806243  frequency: 39543
412th: 7 { 7102 7092 7062 4438 4404 3404 170 }   support: 0.806243  frequency: 39543
413th: 8 { 7102 4438 4436 4432 4428 4426 188 170 }   support: 0.806243  frequency: 39543
414th: 7 { 7102 7062 4438 265 260 188 170 }   support: 0.806223  frequency: 39542
415th: 9 { 7092 7062 4438 4432 4430 4428 265 260 170 }   support: 0.806223  frequency: 39542
416th: 10 { 7092 7062 4438 4434 4432 4428 4426 4404 3404 170 }   support: 0.806223  frequency: 39542
417th: 8 { 7112 7092 4438 4434 4428 4404 3404 170 }   support: 0.806223  frequency: 39542
418th: 6 { 7112 7102 7092 7062 4438 4430 }   support: 0.806202  frequency: 39541
419th: 7 { 7102 7062 4438 4436 4432 265 260 }   support: 0.806202  frequency: 39541
420th: 8 { 7062 4940 4438 4436 4428 265 260 188 }   support: 0.806202  frequency: 39541
421th: 11 { 7092 7062 4940 4438 4430 4428 4426 188 184 180 170 }   support: 0.806202  frequency: 39541
422th: 9 { 7092 4940 4438 4436 4434 4432 4428 188 170 }   support: 0.806202  frequency: 39541
423th: 8 { 7112 7092 4940 4438 4428 4404 3404 170 }   support: 0.806182  frequency: 39540
424th: 6 { 7102 4438 4436 4426 4404 3404 }   support: 0.806182  frequency: 39540
425th: 7 { 7112 4438 4432 4430 4428 265 260 }   support: 0.806182  frequency: 39540
426th: 10 { 7062 4940 4438 4432 4430 265 260 184 180 170 }   support: 0.806182  frequency: 39540
427th: 9 { 7062 4940 4438 4436 4432 4430 4428 188 170 }   support: 0.806182  frequency: 39540
428th: 9 { 7112 7102 4940 4438 4436 4434 184 180 170 }   support: 0.806162  frequency: 39539
429th: 8 { 4940 4438 4436 4434 4432 4428 265 260 }   support: 0.806162  frequency: 39539
430th: 9 { 7062 4438 4434 4432 4430 4428 4426 265 260 }   support: 0.806162  frequency: 39539
431th: 5 { 7112 7102 4438 265 260 }   support: 0.806162  frequency: 39539
432th: 8 { 7102 4940 4438 4432 4430 4428 4426 170 }   support: 0.806162  frequency: 39539
433th: 10 { 7092 7062 4438 4434 4428 4404 3404 265 260 170 }   support: 0.806141  frequency: 39538
434th: 10 { 7092 7062 4438 4434 4432 4428 4426 265 260 170 }   support: 0.806141  frequency: 39538
435th: 9 { 4438 4436 4434 4432 4428 4426 4404 3404 170 }   support: 0.806141  frequency: 39538
436th: 8 { 7062 4940 4438 4430 4404 3404 265 260 }   support: 0.806141  frequency: 39538
437th: 7 { 7112 4438 4436 4430 4428 4426 188 }   support: 0.806121  frequency: 39537
438th: 7 { 7092 4940 4438 4432 4430 4404 3404 }   support: 0.806121  frequency: 39537
439th: 7 { 7092 7062 4438 4432 188 170 17 }   support: 0.806121  frequency: 39537
440th: 10 { 7062 4940 4438 4432 4430 4404 3404 184 180 170 }   support: 0.806121  frequency: 39537
441th: 8 { 7112 4438 4428 4404 3404 265 260 188 }   support: 0.806121  frequency: 39537
442th: 7 { 7112 4438 4430 4428 4426 4404 3404 }   support: 0.806121  frequency: 39537
443th: 9 { 7062 4940 4438 4432 4426 4404 3404 265 260 }   support: 0.806121  frequency: 39537
444th: 10 { 7112 7092 7062 4438 4434 4432 4430 4428 4426 170 }   support: 0.806121  frequency: 39537
445th: 8 { 7102 7092 7062 4438 4432 4428 188 170 }   support: 0.8061  frequency: 39536
446th: 9 { 7062 4438 4434 4432 4430 4428 4426 4404 3404 }   support: 0.8061  frequency: 39536
447th: 8 { 7112 7092 7062 4438 4428 4404 3404 188 }   support: 0.8061  frequency: 39536
448th: 9 { 7102 7092 4438 4436 4430 4428 184 180 170 }   support: 0.8061  frequency: 39536
449th: 7 { 7112 7092 4438 4436 4404 3404 170 }   support: 0.8061  frequency: 39536
450th: 9 { 7102 7062 4438 4434 4404 3404 184 180 170 }   support: 0.8061  frequency: 39536
451th: 6 { 7062 4438 4434 4430 4428 17 }   support: 0.8061  frequency: 39536
452th: 7 { 7112 7092 4438 4426 4404 3404 188 }   support: 0.8061  frequency: 39536
453th: 10 { 4438 4434 4430 4428 4404 3404 188 184 180 170 }   support: 0.8061  frequency: 39536
454th: 8 { 7112 7062 4940 4438 4434 4432 265 260 }   support: 0.8061  frequency: 39536
455th: 10 { 4438 4436 4432 4428 4404 3404 188 184 180 170 }   support: 0.80608  frequency: 39535
456th: 9 { 4438 4436 4434 4432 4428 4426 265 260 170 }   support: 0.80608  frequency: 39535
457th: 8 { 7112 4438 4434 4432 4428 4426 265 260 }   support: 0.80608  frequency: 39535
458th: 7 { 7102 7062 4438 4404 3404 265 260 }   support: 0.80608  frequency: 39535
459th: 10 { 7112 7092 4940 4438 4432 4428 188 184 180 170 }   support: 0.80608  frequency: 39535
460th: 7 { 7102 7062 4438 4436 4430 4428 188 }   support: 0.80608  frequency: 39535
461th: 9 { 7112 7102 7092 7062 4438 4432 184 180 170 }   support: 0.80606  frequency: 39534
462th: 9 { 7112 7092 4438 4436 4432 188 184 180 170 }   support: 0.80606  frequency: 39534
463th: 7 { 7102 4438 4430 4428 4426 188 170 }   support: 0.80606  frequency: 39534
464th: 9 { 7112 7102 7062 4438 4436 4434 4428 4426 170 }   support: 0.80606  frequency: 39534
465th: 10 { 7062 4438 4434 4426 4404 3404 265 260 188 170 }   support: 0.80606  frequency: 39534
466th: 7 { 7102 7062 4438 4428 4404 3404 188 }   support: 0.80606  frequency: 39534
467th: 7 { 7092 4438 4434 4430 4404 3404 188 }   support: 0.806039  frequency: 39533
468th: 10 { 7062 4940 4438 4434 4404 3404 265 260 188 170 }   support: 0.806019  frequency: 39532
469th: 9 { 7092 7062 4438 4432 4430 4428 4404 3404 170 }   support: 0.806019  frequency: 39532
470th: 10 { 7112 7062 4438 4428 265 260 188 184 180 170 }   support: 0.805998  frequency: 39531
471th: 11 { 7112 7092 7062 4940 4438 4436 4434 4428 184 180 170 }   support: 0.805998  frequency: 39531
472th: 6 { 4940 4438 4434 4432 188 17 }   support: 0.805978  frequency: 39530
473th: 9 { 7112 7092 7062 4438 4436 4434 4430 4428 170 }   support: 0.805978  frequency: 39530
474th: 12 { 7092 7062 4940 4438 4434 4432 4428 4426 188 184 180 170 }   support: 0.805978  frequency: 39530
475th: 9 { 7062 4438 4436 4434 4426 4404 3404 188 170 }   support: 0.805978  frequency: 39530
476th: 10 { 7112 4438 4428 4426 4404 3404 188 184 180 170 }   support: 0.805978  frequency: 39530
477th: 10 { 7092 7062 4940 4438 4436 4404 3404 184 180 170 }   support: 0.805958  frequency: 39529
478th: 7 { 7112 7102 7062 4438 4436 4434 4430 }   support: 0.805958  frequency: 39529
479th: 10 { 7112 7062 4438 4434 4432 4430 188 184 180 170 }   support: 0.805958  frequency: 39529
480th: 9 { 7092 7062 4438 4436 4404 3404 265 260 170 }   support: 0.805937  frequency: 39528
481th: 7 { 7112 7102 7092 4940 4438 4436 170 }   support: 0.805937  frequency: 39528
482th: 9 { 7092 4438 4436 4432 4430 188 184 180 170 }   support: 0.805937  frequency: 39528
483th: 8 { 4940 4438 4436 4434 4432 4430 4428 188 }   support: 0.805917  frequency: 39527
484th: 9 { 4940 4438 4434 4432 4428 4404 3404 265 260 }   support: 0.805917  frequency: 39527
485th: 8 { 7092 4438 4436 4434 4426 265 260 170 }   support: 0.805917  frequency: 39527
486th: 6 { 7102 4940 4438 4432 265 260 }   support: 0.805917  frequency: 39527
487th: 5 { 4438 4434 4432 4430 17 }   support: 0.805917  frequency: 39527
488th: 8 { 7112 4438 4434 4432 4426 265 260 170 }   support: 0.805917  frequency: 39527
489th: 8 { 7112 7092 7062 4438 4434 4428 4404 3404 }   support: 0.805897  frequency: 39526
490th: 8 { 7092 7062 4438 4436 4434 4426 265 260 }   support: 0.805897  frequency: 39526
491th: 7 { 7062 4438 4434 4428 4404 3404 17 }   support: 0.805897  frequency: 39526
492th: 9 { 7102 4940 4438 4434 4432 188 184 180 170 }   support: 0.805876  frequency: 39525
493th: 9 { 7102 7092 7062 4438 4436 4430 4428 184 180 }   support: 0.805876  frequency: 39525
494th: 10 { 7112 7062 4438 4426 4404 3404 188 184 180 170 }   support: 0.805876  frequency: 39525
495th: 7 { 7112 4438 4436 4432 4430 4428 188 }   support: 0.805876  frequency: 39525
496th: 7 { 7112 7092 7062 4438 4436 4404 3404 }   support: 0.805876  frequency: 39525
497th: 7 { 4940 4438 4434 4428 4426 170 17 }   support: 0.805876  frequency: 39525
498th: 7 { 7112 7092 4940 4438 4436 4432 4430 }   support: 0.805876  frequency: 39525
499th: 6 { 7062 4438 4436 4434 188 17 }   support: 0.805876  frequency: 39525
500th: 6 { 7102 4438 4436 4432 4430 188 }   support: 0.805856  frequency: 39524
501th: 10 { 7102 7092 4940 4438 4436 4434 4428 184 180 170 }   support: 0.805856  frequency: 39524
502th: 8 { 7112 4940 4438 4434 4432 4404 3404 170 }   support: 0.805856  frequency: 39524
503th: 7 { 4438 4436 4430 4428 4404 3404 188 }   support: 0.805856  frequency: 39524
504th: 8 { 4940 4438 4434 4432 184 180 170 17 }   support: 0.805856  frequency: 39524
505th: 9 { 7062 4940 4438 4436 4434 4404 3404 188 170 }   support: 0.805835  frequency: 39523
506th: 5 { 7112 4438 4432 4428 17 }   support: 0.805835  frequency: 39523
507th: 9 { 7112 7092 4940 4438 4434 4430 4428 4426 170 }   support: 0.805835  frequency: 39523
508th: 8 { 7112 7062 4438 4434 4432 4426 265 260 }   support: 0.805835  frequency: 39523
509th: 10 { 4438 4436 4434 4432 4404 3404 188 184 180 170 }   support: 0.805835  frequency: 39523
510th: 11 { 7092 7062 4940 4438 4432 4430 4428 188 184 180 170 }   support: 0.805835  frequency: 39523
511th: 8 { 7092 4438 4436 4434 4426 4404 3404 170 }   support: 0.805835  frequency: 39523
512th: 9 { 4438 4434 4432 4430 4428 4426 4404 3404 170 }   support: 0.805835  frequency: 39523
513th: 7 { 7102 4438 4436 4432 265 260 170 }   support: 0.805815  frequency: 39522
514th: 9 { 7062 4940 4438 4434 4432 4428 265 260 188 }   support: 0.805815  frequency: 39522
515th: 7 { 7112 7102 7092 4438 4436 4426 170 }   support: 0.805795  frequency: 39521
516th: 11 { 7112 7092 7062 4940 4438 4436 4428 4426 184 180 170 }   support: 0.805795  frequency: 39521
517th: 6 { 7102 4438 4434 265 260 188 }   support: 0.805795  frequency: 39521
518th: 7 { 7092 7062 4438 4434 4432 170 17 }   support: 0.805795  frequency: 39521
519th: 8 { 7102 4940 4438 265 260 184 180 170 }   support: 0.805795  frequency: 39521
520th: 7 { 7102 7092 4438 4436 4434 4432 188 }   support: 0.805795  frequency: 39521
521th: 9 { 4438 4434 4432 4430 4428 4426 265 260 170 }   support: 0.805795  frequency: 39521
522th: 10 { 7092 4940 4438 4434 4426 4404 3404 184 180 170 }   support: 0.805795  frequency: 39521
523th: 8 { 7092 7062 4438 4436 4434 4426 4404 3404 }   support: 0.805795  frequency: 39521
524th: 10 { 4438 4434 4428 4426 4404 3404 265 260 188 170 }   support: 0.805774  frequency: 39520
525th: 8 { 7062 4438 4436 4434 184 180 170 17 }   support: 0.805774  frequency: 39520
526th: 11 { 7102 7092 7062 4438 4436 4434 4428 4426 184 180 170 }   support: 0.805774  frequency: 39520
527th: 10 { 7112 7092 7062 4438 4436 4428 188 184 180 170 }   support: 0.805774  frequency: 39520
528th: 8 { 7092 4438 265 260 184 180 170 17 }   support: 0.805774  frequency: 39520
529th: 8 { 7062 4940 4438 4436 4426 4404 3404 188 }   support: 0.805754  frequency: 39519
530th: 9 { 7092 4940 4438 4432 4428 4404 3404 188 170 }   support: 0.805754  frequency: 39519
531th: 7 { 7112 7102 7092 4438 4436 4432 4428 }   support: 0.805754  frequency: 39519
532th: 7 { 7102 7092 7062 4438 4436 4426 188 }   support: 0.805733  frequency: 39518
533th: 10 { 4438 4434 4432 4428 4426 4404 3404 265 260 170 }   support: 0.805733  frequency: 39518
534th: 10 { 7062 4438 4434 4432 4428 4426 265 260 188 170 }   support: 0.805733  frequency: 39518
535th: 10 { 7102 7062 4438 4436 4428 4426 188 184 180 170 }   support: 0.805733  frequency: 39518
536th: 10 { 7092 4438 4434 4432 265 260 188 184 180 170 }   support: 0.805733  frequency: 39518
537th: 9 { 7092 7062 4940 4438 4434 4430 4428 4426 188 }   support: 0.805713  frequency: 39517
538th: 9 { 7112 7092 4438 4434 4432 4428 4426 188 170 }   support: 0.805713  frequency: 39517
539th: 7 { 4940 4438 4432 4428 4426 170 17 }   support: 0.805713  frequency: 39517
540th: 9 { 7102 7092 7062 4438 4430 4428 4426 184 180 }   support: 0.805713  frequency: 39517
541th: 9 { 7112 7062 4438 4404 3404 265 260 188 170 }   support: 0.805713  frequency: 39517
542th: 8 { 7112 7092 7062 4940 4438 4428 265 260 }   support: 0.805713  frequency: 39517
543th: 9 { 7102 7092 7062 4940 4438 4436 4432 4428 170 }   support: 0.805713  frequency: 39517
544th: 10 { 4940 4438 4436 4428 4426 265 260 184 180 170 }   support: 0.805693  frequency: 39516
545th: 9 { 7092 7062 4940 4438 4434 4428 4404 3404 188 }   support: 0.805693  frequency: 39516
546th: 6 { 7112 7062 4438 4428 4426 17 }   support: 0.805693  frequency: 39516
547th: 10 { 4940 4438 4436 4428 4426 4404 3404 184 180 170 }   support: 0.805672  frequency: 39515
548th: 8 { 7102 7092 7062 4438 4436 4432 4430 170 }   support: 0.805672  frequency: 39515
549th: 9 { 7062 4438 4430 4428 4426 265 260 188 170 }   support: 0.805672  frequency: 39515
550th: 10 { 7092 7062 4940 4438 4428 4404 3404 265 260 170 }   support: 0.805652  frequency: 39514
551th: 10 { 7062 4438 4434 4432 4426 4404 3404 265 260 170 }   support: 0.805652  frequency: 39514
552th: 8 { 7112 7102 7062 4438 4436 4434 4432 4426 }   support: 0.805652  frequency: 39514
553th: 8 { 7112 4438 4434 4432 4428 4426 4404 3404 }   support: 0.805652  frequency: 39514
554th: 10 { 7092 4940 4438 4434 4426 265 260 184 180 170 }   support: 0.805631  frequency: 39513
555th: 6 { 7112 7062 4438 4434 170 17 }   support: 0.805631  frequency: 39513
556th: 8 { 7062 4940 4438 4430 4428 265 260 188 }   support: 0.805631  frequency: 39513
557th: 8 { 4940 4438 4430 4428 4404 3404 265 260 }   support: 0.805611  frequency: 39512
558th: 9 { 7112 7092 7062 4438 4434 4432 4426 188 170 }   support: 0.805611  frequency: 39512
559th: 8 { 7102 7062 4940 4438 4436 4432 188 170 }   support: 0.805611  frequency: 39512
560th: 7 { 7112 7092 4940 4438 4426 265 260 }   support: 0.805591  frequency: 39511
561th: 9 { 7112 4940 4438 4434 4430 188 184 180 170 }   support: 0.805591  frequency: 39511
562th: 11 { 4940 4438 4434 4432 4430 4428 4426 188 184 180 170 }   support: 0.805591  frequency: 39511
563th: 9 { 4438 4436 4428 4404 3404 265 260 188 170 }   support: 0.805591  frequency: 39511
564th: 9 { 4438 4430 4428 4426 4404 3404 265 260 170 }   support: 0.805591  frequency: 39511
565th: 8 { 7112 4438 4434 4432 4426 4404 3404 170 }   support: 0.805591  frequency: 39511
566th: 8 { 4940 4438 4432 4430 4404 3404 188 170 }   support: 0.80557  frequency: 39510
567th: 7 { 7062 4940 4438 4434 4426 170 17 }   support: 0.80557  frequency: 39510
568th: 7 { 4940 4438 4436 4426 265 260 188 }   support: 0.80557  frequency: 39510
569th: 7 { 7102 4438 4434 4404 3404 188 170 }   support: 0.80557  frequency: 39510
570th: 8 { 7112 7102 4940 4438 4436 4434 4428 170 }   support: 0.80555  frequency: 39509
571th: 10 { 7112 4438 4428 4404 3404 265 260 184 180 170 }   support: 0.80555  frequency: 39509
572th: 9 { 7062 4940 4438 4436 4430 4428 4426 188 170 }   support: 0.80555  frequency: 39509
573th: 8 { 4438 4436 4432 4404 3404 265 260 188 }   support: 0.80555  frequency: 39509
574th: 8 { 7112 7092 4438 4432 4430 4428 188 170 }   support: 0.80555  frequency: 39509
575th: 8 { 7112 7092 7062 4438 4404 3404 265 260 }   support: 0.80553  frequency: 39508
576th: 8 { 7112 7062 4940 4438 4434 4432 4404 3404 }   support: 0.80553  frequency: 39508
577th: 8 { 7102 7092 7062 4438 4436 4432 4430 4428 }   support: 0.80553  frequency: 39508
578th: 10 { 7062 4438 4436 4432 265 260 188 184 180 170 }   support: 0.80553  frequency: 39508
579th: 7 { 7112 7062 4438 4434 4430 265 260 }   support: 0.80553  frequency: 39508
580th: 7 { 7102 7092 7062 4940 4438 4436 188 }   support: 0.805509  frequency: 39507
581th: 5 { 7082 4438 4434 4432 4426 }   support: 0.805509  frequency: 39507
582th: 7 { 7062 4438 4432 4428 4404 3404 17 }   support: 0.805509  frequency: 39507
583th: 8 { 7112 7092 7062 4438 4434 4430 188 170 }   support: 0.805489  frequency: 39506
584th: 7 { 4438 4426 265 260 188 170 17 }   support: 0.805489  frequency: 39506
585th: 8 { 7102 7092 4438 4436 4432 4430 184 180 }   support: 0.805489  frequency: 39506
586th: 8 { 7112 7102 7092 7062 4438 4432 4428 170 }   support: 0.805489  frequency: 39506
587th: 10 { 7092 7062 4438 4434 4432 4430 4428 4426 188 170 }   support: 0.805489  frequency: 39506
588th: 8 { 7112 7092 4438 4432 4428 265 260 170 }   support: 0.805489  frequency: 39506
589th: 7 { 7112 7092 4438 4434 4432 4430 188 }   support: 0.805468  frequency: 39505
590th: 10 { 7062 4940 4438 4434 4432 4404 3404 265 260 170 }   support: 0.805468  frequency: 39505
591th: 10 { 7092 7062 4438 4436 4434 4432 4428 4426 188 170 }   support: 0.805468  frequency: 39505
592th: 9 { 7102 7062 4438 4434 4432 4426 188 184 180 }   support: 0.805448  frequency: 39504
593th: 9 { 7112 7092 4438 4436 4426 188 184 180 170 }   support: 0.805448  frequency: 39504
594th: 10 { 7092 7062 4438 4432 4428 4404 3404 265 260 170 }   support: 0.805448  frequency: 39504
595th: 5 { 7092 4438 4436 4434 17 }   support: 0.805428  frequency: 39503
596th: 9 { 7102 7092 7062 4940 4438 4432 4428 4426 170 }   support: 0.805428  frequency: 39503
597th: 8 { 7062 4438 4436 4434 4430 265 260 170 }   support: 0.805428  frequency: 39503
598th: 8 { 7112 7062 4438 4434 4432 4426 4404 3404 }   support: 0.805428  frequency: 39503
599th: 7 { 7102 7092 4940 4438 4432 4430 170 }   support: 0.805407  frequency: 39502
600th: 4 { 7102 7062 4438 17 }   support: 0.805407  frequency: 39502
601th: 9 { 4940 4438 4434 4428 4404 3404 265 260 188 }   support: 0.805407  frequency: 39502
602th: 8 { 7112 7102 7062 4940 4438 4434 4432 4428 }   support: 0.805407  frequency: 39502
603th: 9 { 7102 4940 4438 4436 4428 188 184 180 170 }   support: 0.805407  frequency: 39502
604th: 11 { 4940 4438 4434 4432 4428 4426 4404 3404 184 180 170 }   support: 0.805407  frequency: 39502
605th: 6 { 7112 7062 4940 4438 170 17 }   support: 0.805407  frequency: 39502
606th: 7 { 7112 4438 4432 4430 4428 4404 3404 }   support: 0.805407  frequency: 39502
607th: 10 { 7062 4438 4434 4432 4428 4426 4404 3404 265 260 }   support: 0.805407  frequency: 39502
608th: 9 { 7102 4438 4436 4434 4432 4428 188 184 180 }   support: 0.805387  frequency: 39501
609th: 9 { 7092 7062 4940 4438 4434 4404 3404 265 260 }   support: 0.805387  frequency: 39501
610th: 9 { 7092 4940 4438 4426 4404 3404 265 260 170 }   support: 0.805387  frequency: 39501
611th: 9 { 7112 7102 7062 4940 4438 4436 4434 184 180 }   support: 0.805387  frequency: 39501
612th: 6 { 7102 7092 4438 4436 265 260 }   support: 0.805387  frequency: 39501
613th: 8 { 7092 4940 4438 4434 4428 265 260 188 }   support: 0.805387  frequency: 39501
614th: 8 { 7062 4438 4436 4434 4430 4404 3404 170 }   support: 0.805387  frequency: 39501
615th: 8 { 7082 7062 4438 4434 4428 184 180 170 }   support: 0.805366  frequency: 39500
616th: 10 { 4940 4438 4430 4428 4426 4404 3404 184 180 170 }   support: 0.805366  frequency: 39500
617th: 7 { 7112 7092 4438 4434 4426 265 260 }   support: 0.805366  frequency: 39500
618th: 8 { 7102 4940 4438 4436 4432 4430 4428 170 }   support: 0.805366  frequency: 39500
619th: 9 { 7102 7062 4438 4436 4434 4432 4428 188 170 }   support: 0.805346  frequency: 39499
620th: 11 { 7092 7062 4940 4438 4436 4430 4428 4426 184 180 170 }   support: 0.805346  frequency: 39499
621th: 7 { 7062 4940 4438 4428 4404 3404 17 }   support: 0.805326  frequency: 39498
622th: 7 { 7112 4438 4434 4430 265 260 170 }   support: 0.805326  frequency: 39498
623th: 9 { 7092 7062 4438 4436 4432 4430 188 184 180 }   support: 0.805305  frequency: 39497
624th: 4 { 7112 4438 4436 17 }   support: 0.805305  frequency: 39497
625th: 9 { 7112 4438 4436 4428 265 260 184 180 170 }   support: 0.805285  frequency: 39496
626th: 8 { 7112 7092 7062 4438 4432 4428 265 260 }   support: 0.805285  frequency: 39496
627th: 5 { 7082 7062 4438 4430 170 }   support: 0.805285  frequency: 39496
628th: 10 { 7102 7092 4940 4438 4434 4432 4428 184 180 170 }   support: 0.805285  frequency: 39496
629th: 9 { 7092 4940 4438 4434 4430 4428 4426 188 170 }   support: 0.805264  frequency: 39495
630th: 7 { 7102 7092 4438 4436 4426 188 170 }   support: 0.805264  frequency: 39495
631th: 9 { 4940 4438 4434 4432 4426 4404 3404 188 170 }   support: 0.805264  frequency: 39495
632th: 9 { 7062 4438 4432 4430 4428 265 260 188 170 }   support: 0.805244  frequency: 39494
633th: 9 { 7112 7092 4438 4436 4432 4430 4428 184 180 }   support: 0.805244  frequency: 39494
634th: 8 { 7092 4940 4438 4434 4432 4426 265 260 }   support: 0.805244  frequency: 39494
635th: 8 { 7092 4940 4438 4434 4432 4426 4404 3404 }   support: 0.805244  frequency: 39494
636th: 7 { 7102 7092 4940 4438 4436 188 170 }   support: 0.805244  frequency: 39494
637th: 8 { 7112 7092 7062 4940 4438 4428 4404 3404 }   support: 0.805244  frequency: 39494
638th: 10 { 4940 4438 4436 4434 4428 4404 3404 184 180 170 }   support: 0.805224  frequency: 39493
639th: 6 { 7102 4438 4432 4426 4404 3404 }   support: 0.805224  frequency: 39493
640th: 11 { 7062 4940 4438 4434 4428 265 260 188 184 180 170 }   support: 0.805224  frequency: 39493
641th: 7 { 7102 7062 4438 4434 4404 3404 188 }   support: 0.805224  frequency: 39493
642th: 7 { 7102 7092 4438 4436 4428 4426 188 }   support: 0.805203  frequency: 39492
643th: 10 { 4940 4438 4430 4428 4426 265 260 184 180 170 }   support: 0.805203  frequency: 39492
644th: 8 { 7102 7092 7062 4940 4438 4430 4428 170 }   support: 0.805203  frequency: 39492
645th: 9 { 7102 7062 4940 4438 4428 4426 188 184 180 }   support: 0.805203  frequency: 39492
646th: 9 { 7112 7062 4940 4438 4436 4428 4426 188 170 }   support: 0.805203  frequency: 39492
647th: 9 { 7092 7062 4940 4438 4426 265 260 188 170 }   support: 0.805183  frequency: 39491
648th: 8 { 7112 7092 7062 4438 4434 4430 4428 188 }   support: 0.805183  frequency: 39491
649th: 8 { 7102 4438 4434 4430 188 184 180 170 }   support: 0.805183  frequency: 39491
650th: 8 { 7062 4940 4438 4432 4430 4404 3404 188 }   support: 0.805183  frequency: 39491
651th: 7 { 7102 7092 4940 4438 4432 4430 4428 }   support: 0.805183  frequency: 39491
652th: 6 { 7082 7062 4438 4432 4428 4426 }   support: 0.805163  frequency: 39490
653th: 11 { 7062 4940 4438 4434 4432 4426 4404 3404 184 180 170 }   support: 0.805163  frequency: 39490
654th: 9 { 7062 4438 4436 4428 4404 3404 265 260 188 }   support: 0.805163  frequency: 39490
655th: 8 { 7112 7092 4940 4438 4436 4430 4428 170 }   support: 0.805163  frequency: 39490
656th: 9 { 7112 7102 7092 4438 4434 4428 184 180 170 }   support: 0.805163  frequency: 39490
657th: 8 { 7062 4438 4436 4432 4430 265 260 170 }   support: 0.805163  frequency: 39490
658th: 9 { 4438 4432 4430 4428 4404 3404 265 260 170 }   support: 0.805163  frequency: 39490
659th: 10 { 4438 4432 4428 4426 4404 3404 265 260 188 170 }   support: 0.805163  frequency: 39490
660th: 8 { 7082 7062 4438 4436 4426 184 180 170 }   support: 0.805142  frequency: 39489
661th: 8 { 7112 7102 4438 4428 188 184 180 170 }   support: 0.805142  frequency: 39489
662th: 8 { 7112 7102 4438 4436 4434 4432 4428 4426 }   support: 0.805142  frequency: 39489
663th: 9 { 7112 7102 4438 4434 4432 4426 184 180 170 }   support: 0.805142  frequency: 39489
664th: 8 { 7092 4940 4438 4436 4404 3404 188 170 }   support: 0.805142  frequency: 39489
665th: 10 { 7112 4940 4438 4434 4432 4428 4426 188 184 180 }   support: 0.805142  frequency: 39489
666th: 9 { 7112 4438 4432 265 260 188 184 180 170 }   support: 0.805142  frequency: 39489
667th: 8 { 4940 4438 4436 4434 265 260 188 170 }   support: 0.805142  frequency: 39489
668th: 11 { 4940 4438 4434 4432 4428 4426 265 260 184 180 170 }   support: 0.805122  frequency: 39488
669th: 10 { 7112 7062 4940 4438 4434 265 260 184 180 170 }   support: 0.805122  frequency: 39488
670th: 7 { 7112 7092 4940 4438 4432 265 260 }   support: 0.805101  frequency: 39487
671th: 9 { 4940 4438 4432 4428 4404 3404 265 260 188 }   support: 0.805101  frequency: 39487
672th: 11 { 7062 4438 4436 4434 4428 4426 4404 3404 184 180 170 }   support: 0.805101  frequency: 39487
673th: 8 { 7102 7062 4438 4434 4428 4404 3404 170 }   support: 0.805101  frequency: 39487
674th: 7 { 7112 7092 4940 4438 4426 4404 3404 }   support: 0.805101  frequency: 39487
675th: 9 { 7102 4940 4438 4432 4428 188 184 180 170 }   support: 0.805101  frequency: 39487
676th: 10 { 4940 4438 4428 4426 4404 3404 265 260 188 170 }   support: 0.805101  frequency: 39487
677th: 9 { 7092 7062 4940 4438 4432 4428 4404 3404 188 }   support: 0.805081  frequency: 39486
678th: 10 { 7102 7092 7062 4940 4438 4436 4434 4428 184 180 }   support: 0.805081  frequency: 39486
679th: 9 { 7112 7092 4438 4436 4430 4428 4426 184 180 }   support: 0.805081  frequency: 39486
680th: 11 { 4440 4438 4436 4434 4432 4430 4428 4426 4414 188 170 }   support: 0.805081  frequency: 39486
681th: 9 { 7112 7092 7062 4940 4438 4436 4432 4426 170 }   support: 0.805081  frequency: 39486
682th: 8 { 7112 7102 7062 4940 4438 4434 4428 4426 }   support: 0.805081  frequency: 39486
683th: 9 { 7112 7092 7062 4438 4436 4432 188 184 180 }   support: 0.805061  frequency: 39485
684th: 11 { 7062 4940 4438 4436 4434 4432 4426 188 184 180 170 }   support: 0.805061  frequency: 39485
685th: 6 { 4940 4438 4434 4404 3404 17 }   support: 0.805061  frequency: 39485
686th: 7 { 4438 4428 4404 3404 3403 188 170 }   support: 0.805061  frequency: 39485
687th: 10 { 4940 4438 4432 4430 4428 4404 3404 184 180 170 }   support: 0.805061  frequency: 39485
688th: 9 { 7062 4438 4430 4428 4426 4404 3404 265 260 }   support: 0.805061  frequency: 39485
689th: 8 { 7102 7062 4940 4438 4436 4434 4432 4430 }   support: 0.805061  frequency: 39485
690th: 9 { 7062 4438 4432 4430 4428 4404 3404 265 260 }   support: 0.80504  frequency: 39484
691th: 13 { 7092 7062 4440 4438 4436 4434 4432 4430 4428 4426 4414 184 180 }   support: 0.80504  frequency: 39484
692th: 5 { 7102 4438 4430 4404 3404 }   support: 0.80504  frequency: 39484
693th: 10 { 7062 4940 4438 4426 4404 3404 265 260 188 170 }   support: 0.80504  frequency: 39484
694th: 9 { 4438 4404 3404 265 260 184 180 170 17 }   support: 0.80504  frequency: 39484
695th: 10 { 7062 4438 4434 4428 4426 4404 3404 265 260 188 }   support: 0.80502  frequency: 39483
696th: 8 { 7102 7062 4940 4438 4436 4430 4428 4426 }   support: 0.80502  frequency: 39483
697th: 8 { 7102 4438 4426 4404 3404 184 180 170 }   support: 0.80502  frequency: 39483
698th: 10 { 4940 4438 4432 4430 4428 265 260 184 180 170 }   support: 0.80502  frequency: 39483
699th: 8 { 7102 7062 4940 4438 4436 4434 4428 188 }   support: 0.80502  frequency: 39483
700th: 9 { 7102 4438 4434 4432 4428 4426 188 184 180 }   support: 0.80502  frequency: 39483
701th: 9 { 7102 7062 4438 4436 4434 4428 4426 188 170 }   support: 0.80502  frequency: 39483
702th: 10 { 7112 7062 4438 4432 4404 3404 188 184 180 170 }   support: 0.80502  frequency: 39483
703th: 9 { 7102 7062 4438 4436 265 260 184 180 170 }   support: 0.80502  frequency: 39483
704th: 9 { 7112 7092 4940 4438 4436 4432 4428 4426 170 }   support: 0.80502  frequency: 39483
705th: 6 { 4438 4434 4404 3404 3403 188 }   support: 0.804999  frequency: 39482
706th: 8 { 4438 4436 4434 4426 265 260 188 170 }   support: 0.804999  frequency: 39482
707th: 10 { 4940 4438 4436 4434 4428 265 260 184 180 170 }   support: 0.804999  frequency: 39482
708th: 6 { 7112 7092 4438 4430 265 260 }   support: 0.804999  frequency: 39482
709th: 8 { 4940 4438 4436 4428 4426 4404 3404 188 }   support: 0.804999  frequency: 39482
710th: 8 { 7112 7102 4438 4434 4430 184 180 170 }   support: 0.804979  frequency: 39481
711th: 5 { 7082 7062 4438 4436 4430 }   support: 0.804979  frequency: 39481
712th: 7 { 7112 7062 4438 4434 4430 4404 3404 }   support: 0.804979  frequency: 39481
713th: 9 { 7102 7062 4940 4438 4436 4434 188 184 180 }   support: 0.804979  frequency: 39481
714th: 9 { 7092 4940 4438 4428 4426 265 260 188 170 }   support: 0.804979  frequency: 39481
715th: 11 { 7112 7062 4438 4436 4434 4432 4430 4428 184 180 170 }   support: 0.804979  frequency: 39481
716th: 11 { 7112 7092 7062 4438 4434 4428 4426 188 184 180 170 }   support: 0.804959  frequency: 39480
717th: 11 { 7062 4940 4438 4432 4428 265 260 188 184 180 170 }   support: 0.804959  frequency: 39480
718th: 11 { 7062 4940 4438 4434 4432 4426 265 260 184 180 170 }   support: 0.804959  frequency: 39480
719th: 8 { 7092 7062 4438 4436 4432 4404 3404 188 }   support: 0.804959  frequency: 39480
720th: 8 { 7112 7092 7062 4438 4436 4434 4432 188 }   support: 0.804959  frequency: 39480
721th: 10 { 7102 4438 4434 4432 4430 4428 4426 184 180 170 }   support: 0.804959  frequency: 39480
722th: 8 { 4438 4432 265 260 184 180 170 17 }   support: 0.804959  frequency: 39480
723th: 6 { 4438 4432 4426 4404 3404 17 }   support: 0.804938  frequency: 39479
724th: 8 { 7102 7092 7062 4438 4432 4430 4428 4426 }   support: 0.804938  frequency: 39479
725th: 6 { 7102 7082 7062 4438 4436 4426 }   support: 0.804938  frequency: 39479
726th: 9 { 4438 4428 4426 4404 3404 184 180 170 17 }   support: 0.804938  frequency: 39479
727th: 9 { 7112 7092 7062 4438 4436 4432 4430 4428 170 }   support: 0.804938  frequency: 39479
728th: 10 { 7092 4940 4438 4436 4434 4426 188 184 180 170 }   support: 0.804938  frequency: 39479
729th: 6 { 7112 7102 7092 4438 4430 4428 }   support: 0.804938  frequency: 39479
730th: 8 { 7112 7102 4438 4434 188 184 180 170 }   support: 0.804938  frequency: 39479
731th: 8 { 7112 7102 7092 7062 4438 4436 4434 4428 }   support: 0.804938  frequency: 39479
732th: 6 { 7102 4940 4438 4436 4404 3404 }   support: 0.804938  frequency: 39479
733th: 10 { 7112 4438 4436 4434 4432 4428 188 184 180 170 }   support: 0.804938  frequency: 39479
734th: 10 { 4438 4436 4432 4404 3404 265 260 184 180 170 }   support: 0.804918  frequency: 39478
735th: 10 { 7112 7062 4940 4438 4434 4432 4426 188 184 180 }   support: 0.804918  frequency: 39478
736th: 6 { 7082 7062 4438 4432 4426 170 }   support: 0.804918  frequency: 39478
737th: 10 { 7112 4438 4432 4430 4428 4426 188 184 180 170 }   support: 0.804918  frequency: 39478
738th: 9 { 7092 4438 4434 4426 4404 3404 265 260 170 }   support: 0.804918  frequency: 39478
739th: 7 { 7102 7082 7062 4438 4428 184 180 }   support: 0.804918  frequency: 39478
740th: 7 { 7112 7092 4438 4434 4426 4404 3404 }   support: 0.804918  frequency: 39478
741th: 8 { 7082 7062 4438 4428 4426 184 180 170 }   support: 0.804918  frequency: 39478
742th: 9 { 7102 7092 7062 4438 4434 4428 188 184 180 }   support: 0.804918  frequency: 39478
743th: 8 { 7112 7092 4438 4432 4428 4404 3404 170 }   support: 0.804897  frequency: 39477
744th: 11 { 7062 4438 4436 4434 4428 4426 265 260 184 180 170 }   support: 0.804897  frequency: 39477
745th: 10 { 7102 7062 4438 4432 4428 4426 188 184 180 170 }   support: 0.804897  frequency: 39477
746th: 10 { 7102 7092 4940 4438 4434 4428 4426 184 180 170 }   support: 0.804897  frequency: 39477
747th: 7 { 7112 4438 4434 4430 4404 3404 170 }   support: 0.804877  frequency: 39476
748th: 6 { 4438 4436 4432 4428 170 17 }   support: 0.804877  frequency: 39476
749th: 7 { 7112 7102 4940 4438 4436 4434 4426 }   support: 0.804877  frequency: 39476
750th: 11 { 4940 4438 4434 4428 4404 3404 265 260 184 180 170 }   support: 0.804877  frequency: 39476
751th: 9 { 7112 7102 4940 4438 4428 4426 184 180 170 }   support: 0.804877  frequency: 39476
752th: 10 { 7092 4940 4438 4436 4434 4432 4430 4428 184 180 }   support: 0.804877  frequency: 39476
753th: 7 { 7102 4438 4436 4430 4428 188 170 }   support: 0.804877  frequency: 39476
754th: 9 { 7092 7062 4438 4436 4428 4404 3404 188 170 }   support: 0.804877  frequency: 39476
755th: 5 { 7112 4438 4426 188 17 }   support: 0.804857  frequency: 39475
756th: 8 { 7082 4438 4436 4434 4428 184 180 170 }   support: 0.804857  frequency: 39475
757th: 9 { 7092 4940 4438 4430 265 260 184 180 170 }   support: 0.804857  frequency: 39475
758th: 7 { 7092 4940 4438 4428 4426 170 17 }   support: 0.804857  frequency: 39475
759th: 8 { 7102 7092 4438 4434 4430 4428 4426 170 }   support: 0.804857  frequency: 39475
760th: 9 { 4940 4438 4434 4432 4428 4426 4404 3404 188 }   support: 0.804857  frequency: 39475
761th: 7 { 7062 4438 4434 4404 3404 3403 170 }   support: 0.804857  frequency: 39475
762th: 8 { 7092 4438 4436 4432 4404 3404 188 170 }   support: 0.804857  frequency: 39475
763th: 10 { 7092 7062 4940 4438 4436 4434 4432 4430 4428 170 }   support: 0.804857  frequency: 39475
764th: 10 { 7092 7062 4438 4436 4426 265 260 184 180 170 }   support: 0.804836  frequency: 39474
765th: 11 { 7062 4940 4438 4434 4426 4404 3404 188 184 180 170 }   support: 0.804836  frequency: 39474
766th: 13 { 7092 4440 4438 4436 4434 4432 4430 4428 4426 4414 184 180 170 }   support: 0.804836  frequency: 39474
767th: 9 { 7112 4940 4438 4432 4430 4428 188 184 180 }   support: 0.804836  frequency: 39474
768th: 10 { 7102 7092 7062 4940 4438 4434 4426 184 180 170 }   support: 0.804836  frequency: 39474
769th: 9 { 7092 7062 4438 4434 4426 265 260 188 170 }   support: 0.804836  frequency: 39474
770th: 9 { 7092 4940 4438 4430 4404 3404 184 180 170 }   support: 0.804836  frequency: 39474
771th: 9 { 4438 4436 4434 4428 4426 4404 3404 188 170 }   support: 0.804836  frequency: 39474
772th: 10 { 7112 7102 7062 4438 4436 4428 4426 184 180 170 }   support: 0.804816  frequency: 39473
773th: 8 { 7092 4438 4436 4434 4428 4426 265 260 }   support: 0.804816  frequency: 39473
774th: 10 { 7092 7062 4438 4434 4428 4426 4404 3404 188 170 }   support: 0.804816  frequency: 39473
775th: 7 { 7112 7092 4438 4432 4404 3404 188 }   support: 0.804816  frequency: 39473
776th: 10 { 7112 7092 4940 4438 4436 4434 4426 184 180 170 }   support: 0.804816  frequency: 39473
777th: 8 { 7092 4940 4438 4432 4428 265 260 188 }   support: 0.804816  frequency: 39473
778th: 8 { 7062 4438 4436 4432 4430 4404 3404 170 }   support: 0.804816  frequency: 39473
779th: 8 { 7102 7062 4940 4438 4434 4432 4428 188 }   support: 0.804816  frequency: 39473
780th: 7 { 7112 7102 7062 4438 4432 188 170 }   support: 0.804816  frequency: 39473
781th: 9 { 7062 4438 4404 3404 3403 188 184 180 170 }   support: 0.804795  frequency: 39472
782th: 11 { 7112 7092 7062 4940 4438 4428 4426 188 184 180 170 }   support: 0.804795  frequency: 39472
783th: 10 { 7112 7062 4940 4438 4434 4404 3404 184 180 170 }   support: 0.804775  frequency: 39471
784th: 10 { 7062 4438 4432 4426 4404 3404 265 260 188 170 }   support: 0.804775  frequency: 39471
785th: 7 { 7102 4438 4436 4434 4428 265 260 }   support: 0.804775  frequency: 39471
786th: 10 { 7102 7062 4438 4434 4432 4430 4428 4426 184 180 }   support: 0.804775  frequency: 39471
787th: 7 { 7112 4438 4436 4432 4428 265 260 }   support: 0.804775  frequency: 39471
788th: 6 { 7112 7102 7092 4438 4430 170 }   support: 0.804775  frequency: 39471
789th: 7 { 7102 4438 4430 4426 188 184 180 }   support: 0.804755  frequency: 39470
790th: 7 { 7092 7082 4438 4428 184 180 170 }   support: 0.804755  frequency: 39470
791th: 6 { 7102 4438 4434 4430 4426 188 }   support: 0.804755  frequency: 39470
792th: 8 { 7092 4438 4436 4434 4428 4426 4404 3404 }   support: 0.804755  frequency: 39470
793th: 9 { 7112 7062 4940 4438 4436 4434 4428 188 170 }   support: 0.804755  frequency: 39470
794th: 9 { 7062 4438 4430 4404 3404 265 260 188 170 }   support: 0.804755  frequency: 39470
795th: 7 { 7062 4940 4438 4432 4426 170 17 }   support: 0.804755  frequency: 39470
796th: 6 { 4438 4436 4404 3404 170 17 }   support: 0.804755  frequency: 39470
797th: 7 { 7062 4940 4438 4434 4428 4426 17 }   support: 0.804734  frequency: 39469
798th: 7 { 7112 7102 4438 4434 4432 4430 4428 }   support: 0.804734  frequency: 39469
799th: 8 { 7062 4438 4436 4434 4426 265 260 188 }   support: 0.804734  frequency: 39469
800th: 6 { 7062 4438 4436 4432 4428 17 }   support: 0.804734  frequency: 39469
801th: 11 { 7112 7092 7062 4940 4438 4430 4428 4426 184 180 170 }   support: 0.804734  frequency: 39469
802th: 6 { 7102 7092 7062 4438 4430 188 }   support: 0.804734  frequency: 39469
803th: 8 { 7112 7092 7062 4438 4436 4432 4428 188 }   support: 0.804734  frequency: 39469
804th: 10 { 7102 7062 4940 4438 4434 4430 4428 184 180 170 }   support: 0.804734  frequency: 39469
805th: 7 { 7092 4438 4428 4404 3404 170 17 }   support: 0.804734  frequency: 39469
806th: 9 { 7092 4438 4436 4432 4428 265 260 184 180 }   support: 0.804714  frequency: 39468
807th: 11 { 4940 4438 4434 4428 4426 4404 3404 188 184 180 170 }   support: 0.804714  frequency: 39468
808th: 8 { 7112 4940 4438 4434 4404 3404 188 170 }   support: 0.804714  frequency: 39468
809th: 9 { 7062 4438 4426 4404 3404 184 180 170 17 }   support: 0.804714  frequency: 39468
810th: 9 { 7112 4438 4436 4428 4404 3404 184 180 170 }   support: 0.804714  frequency: 39468
811th: 11 { 4940 4438 4432 4428 4404 3404 265 260 184 180 170 }   support: 0.804714  frequency: 39468
812th: 8 { 4438 4436 4434 4426 4404 3404 265 260 }   support: 0.804714  frequency: 39468
813th: 6 { 7082 7062 4438 4436 4432 4426 }   support: 0.804714  frequency: 39468
814th: 9 { 7062 4438 4436 4434 4428 4426 4404 3404 188 }   support: 0.804714  frequency: 39468
815th: 8 { 7092 4940 4438 4434 4426 4404 3404 188 }   support: 0.804714  frequency: 39468
816th: 7 { 7102 7092 7062 4940 4438 4436 4430 }   support: 0.804714  frequency: 39468
817th: 9 { 7112 7062 4438 4434 4428 4404 3404 188 170 }   support: 0.804714  frequency: 39468
818th: 8 { 7102 7062 4438 4436 4434 265 260 170 }   support: 0.804714  frequency: 39468
819th: 9 { 7062 4438 4434 4432 4430 4404 3404 188 170 }   support: 0.804714  frequency: 39468
820th: 8 { 7112 7092 7062 4438 4432 4428 4404 3404 }   support: 0.804694  frequency: 39467
821th: 8 { 4940 4438 4436 4434 4404 3404 265 260 }   support: 0.804694  frequency: 39467
822th: 8 { 7092 7062 4438 4434 4432 4430 265 260 }   support: 0.804694  frequency: 39467
823th: 8 { 4940 4438 4430 4428 4426 4404 3404 188 }   support: 0.804694  frequency: 39467
824th: 9 { 7112 7102 4940 4438 4436 4428 184 180 170 }   support: 0.804694  frequency: 39467
825th: 8 { 4940 4438 4434 4430 4428 4426 4404 3404 }   support: 0.804694  frequency: 39467
826th: 11 { 7102 7092 7062 4438 4434 4432 4428 4426 184 180 170 }   support: 0.804673  frequency: 39466
827th: 10 { 4940 4438 4434 4426 265 260 188 184 180 170 }   support: 0.804673  frequency: 39466
828th: 9 { 4438 4434 4432 4430 4404 3404 188 184 180 }   support: 0.804653  frequency: 39465
829th: 7 { 7062 4940 4438 4432 4428 4426 17 }   support: 0.804653  frequency: 39465
830th: 8 { 7092 7062 4438 4436 4434 4432 4430 188 }   support: 0.804653  frequency: 39465
831th: 11 { 7112 7062 4940 4438 4436 4434 4432 4426 184 180 170 }   support: 0.804653  frequency: 39465
832th: 9 { 7062 4940 4438 4434 4432 4426 4404 3404 188 }   support: 0.804653  frequency: 39465
833th: 7 { 7112 7102 7092 4438 4432 4428 4426 }   support: 0.804653  frequency: 39465
834th: 9 { 7112 7062 4940 4438 4430 4428 4426 188 170 }   support: 0.804653  frequency: 39465
835th: 10 { 7092 7062 4940 4438 4428 4426 4404 3404 188 170 }   support: 0.804653  frequency: 39465
836th: 7 { 7112 7102 4438 4434 4432 4430 170 }   support: 0.804653  frequency: 39465
837th: 8 { 7092 4438 4432 188 184 180 170 17 }   support: 0.804653  frequency: 39465
838th: 9 { 7092 4438 4430 4428 4404 3404 188 184 180 }   support: 0.804653  frequency: 39465
839th: 8 { 7112 4438 4434 4428 265 260 188 170 }   support: 0.804632  frequency: 39464
840th: 8 { 7062 4940 4438 4436 4434 265 260 188 }   support: 0.804632  frequency: 39464
841th: 10 { 7102 4940 4438 4436 4434 4432 4426 184 180 170 }   support: 0.804632  frequency: 39464
842th: 7 { 7112 4438 4426 184 180 170 17 }   support: 0.804632  frequency: 39464
843th: 10 { 7112 7092 7062 4438 4436 4434 188 184 180 170 }   support: 0.804632  frequency: 39464
844th: 8 { 7112 7102 4940 4438 4434 4426 184 180 }   support: 0.804632  frequency: 39464
845th: 8 { 7112 7092 4438 4436 4434 4430 4428 4426 }   support: 0.804612  frequency: 39463
846th: 8 { 7112 7102 7062 4438 4434 4430 184 180 }   support: 0.804612  frequency: 39463
847th: 8 { 7112 7062 4940 4438 4436 4434 4426 188 }   support: 0.804612  frequency: 39463
848th: 11 { 7112 7092 7062 4940 4438 4432 4430 4428 184 180 170 }   support: 0.804592  frequency: 39462
849th: 11 { 7112 4940 4438 4434 4432 4430 4428 4426 184 180 170 }   support: 0.804592  frequency: 39462
850th: 7 { 7102 7062 4438 4434 4432 4430 188 }   support: 0.804592  frequency: 39462
851th: 10 { 7112 7062 4940 4438 4436 4434 4430 184 180 170 }   support: 0.804592  frequency: 39462
852th: 8 { 7082 7062 4940 4438 4436 184 180 170 }   support: 0.804592  frequency: 39462
853th: 7 { 7092 4438 4436 4432 4430 4426 188 }   support: 0.804571  frequency: 39461
854th: 8 { 4438 4404 3404 265 260 188 170 17 }   support: 0.804571  frequency: 39461
855th: 7 { 7112 7102 4438 4430 4426 184 180 }   support: 0.804571  frequency: 39461
856th: 10 { 7092 7062 4438 4436 4426 4404 3404 184 180 170 }   support: 0.804551  frequency: 39460
857th: 7 { 4940 4438 265 260 188 170 17 }   support: 0.804551  frequency: 39460
858th: 8 { 7062 4438 4434 4432 4426 184 180 17 }   support: 0.804551  frequency: 39460
859th: 9 { 7062 4438 4434 4430 265 260 188 184 180 }   support: 0.804551  frequency: 39460
860th: 7 { 7112 7102 7092 7062 4940 4438 4432 }   support: 0.80453  frequency: 39459
861th: 6 { 7082 4438 4432 4426 184 180 }   support: 0.80453  frequency: 39459
862th: 5 { 7092 7082 4438 4434 4432 }   support: 0.80453  frequency: 39459
863th: 7 { 4940 4438 4432 4430 265 260 188 }   support: 0.80451  frequency: 39458
864th: 7 { 7112 4438 4436 265 260 188 170 }   support: 0.80451  frequency: 39458
865th: 8 { 7062 4940 4438 4428 4426 188 170 17 }   support: 0.80451  frequency: 39458
866th: 8 { 7092 4438 4436 4428 265 260 188 170 }   support: 0.80451  frequency: 39458
867th: 10 { 7062 4438 4432 4428 4426 4404 3404 265 260 188 }   support: 0.80451  frequency: 39458
868th: 6 { 7102 7092 7082 7062 4438 4436 }   support: 0.80451  frequency: 39458
869th: 8 { 7102 7062 4940 4438 4434 4428 4426 188 }   support: 0.80451  frequency: 39458
870th: 9 { 7112 4438 4432 4428 4404 3404 188 184 180 }   support: 0.80449  frequency: 39457
871th: 9 { 7092 4438 4436 4432 4428 4404 3404 184 180 }   support: 0.80449  frequency: 39457
872th: 5 { 7082 4438 4430 184 180 }   support: 0.80449  frequency: 39457
873th: 8 { 4940 4438 4434 4430 4428 4426 265 260 }   support: 0.80449  frequency: 39457
874th: 7 { 7092 7062 4940 4438 4426 170 17 }   support: 0.80449  frequency: 39457
875th: 9 { 7102 7092 7062 4940 4438 188 184 180 170 }   support: 0.80449  frequency: 39457
876th: 9 { 7112 7102 7062 4438 4434 4432 4426 184 180 }   support: 0.80449  frequency: 39457
877th: 7 { 7112 4438 4436 4434 4432 265 260 }   support: 0.80449  frequency: 39457
878th: 8 { 7092 4438 4436 4428 4404 3404 265 260 }   support: 0.804469  frequency: 39456
879th: 10 { 7102 7062 4438 4436 4432 4428 188 184 180 170 }   support: 0.804469  frequency: 39456
880th: 7 { 4940 4438 4434 4428 188 170 17 }   support: 0.804469  frequency: 39456
881th: 9 { 7062 4438 4434 4432 188 184 180 170 17 }   support: 0.804469  frequency: 39456
882th: 8 { 7092 7062 4438 4434 4432 4430 4404 3404 }   support: 0.804449  frequency: 39455
883th: 9 { 7112 7092 7062 4438 4436 4430 4428 4426 170 }   support: 0.804449  frequency: 39455
884th: 9 { 7102 7092 7062 4438 4430 4426 184 180 170 }   support: 0.804449  frequency: 39455
885th: 10 { 7092 4940 4438 4432 4426 265 260 184 180 170 }   support: 0.804449  frequency: 39455
886th: 10 { 7092 4940 4438 4432 4426 4404 3404 184 180 170 }   support: 0.804449  frequency: 39455
887th: 9 { 7112 7102 7062 4940 4438 4426 184 180 170 }   support: 0.804449  frequency: 39455
888th: 7 { 7112 7102 7092 7062 4438 4432 4426 }   support: 0.804449  frequency: 39455
889th: 8 { 4438 4436 4434 4430 265 260 184 180 }   support: 0.804449  frequency: 39455
890th: 10 { 7102 7092 7062 4940 4438 4434 4432 4428 184 180 }   support: 0.804449  frequency: 39455
891th: 8 { 7112 7062 4438 4436 4404 3404 188 170 }   support: 0.804449  frequency: 39455
892th: 8 { 7092 7062 4940 4438 4436 4404 3404 188 }   support: 0.804449  frequency: 39455
893th: 9 { 7062 4940 4438 4436 4430 4426 188 184 180 }   support: 0.804449  frequency: 39455
894th: 8 { 7102 7062 4940 4438 4432 4430 4426 170 }   support: 0.804449  frequency: 39455
895th: 9 { 7092 4940 4438 4432 4404 3404 265 260 170 }   support: 0.804449  frequency: 39455
896th: 9 { 7102 7062 4940 4438 4434 4432 188 184 180 }   support: 0.804428  frequency: 39454
897th: 11 { 7062 4438 4436 4428 4404 3404 265 260 184 180 170 }   support: 0.804428  frequency: 39454
898th: 10 { 7112 4438 4434 4432 4430 4428 188 184 180 170 }   support: 0.804428  frequency: 39454
899th: 11 { 4940 4438 4436 4434 4432 4428 4426 188 184 180 170 }   support: 0.804428  frequency: 39454
900th: 9 { 7112 7102 4940 4438 4434 4432 184 180 170 }   support: 0.804428  frequency: 39454
901th: 7 { 7112 7062 4438 4436 4430 4426 188 }   support: 0.804428  frequency: 39454
902th: 11 { 7062 4940 4438 4434 4432 4430 4428 4426 188 184 180 }   support: 0.804428  frequency: 39454
903th: 9 { 7092 7062 4940 4438 4436 4432 4428 4426 188 }   support: 0.804428  frequency: 39454
904th: 8 { 7092 4940 4438 4436 4434 4432 4426 188 }   support: 0.804428  frequency: 39454
905th: 8 { 7102 4940 4438 4432 4430 4426 184 180 }   support: 0.804408  frequency: 39453
906th: 10 { 7062 4438 4436 4432 4428 4404 3404 188 184 180 }   support: 0.804408  frequency: 39453
907th: 8 { 7102 7062 4940 4438 4434 4426 188 170 }   support: 0.804408  frequency: 39453
908th: 7 { 4438 4430 4428 188 184 180 17 }   support: 0.804408  frequency: 39453
909th: 7 { 7112 4438 4434 4430 4428 265 260 }   support: 0.804408  frequency: 39453
910th: 9 { 7102 7092 4438 4428 4426 188 184 180 170 }   support: 0.804408  frequency: 39453
911th: 9 { 7092 4438 4434 4428 4426 265 260 188 170 }   support: 0.804408  frequency: 39453
912th: 9 { 7102 7092 7062 4438 4426 188 184 180 170 }   support: 0.804388  frequency: 39452
913th: 9 { 7092 4438 4436 4434 4432 265 260 184 180 }   support: 0.804388  frequency: 39452
914th: 7 { 7092 7062 4438 4436 184 180 17 }   support: 0.804388  frequency: 39452
915th: 8 { 7102 4940 4438 4436 4434 4428 188 170 }   support: 0.804388  frequency: 39452
916th: 9 { 7092 4438 4434 4430 4428 4404 3404 184 180 }   support: 0.804388  frequency: 39452
917th: 9 { 7112 7102 4438 4434 4432 4428 4426 184 180 }   support: 0.804388  frequency: 39452
918th: 11 { 7062 4438 4436 4434 4432 4428 4404 3404 184 180 170 }   support: 0.804388  frequency: 39452
919th: 7 { 7112 7092 4940 4438 4432 4404 3404 }   support: 0.804388  frequency: 39452
920th: 8 { 7112 4438 4434 4426 4404 3404 188 170 }   support: 0.804388  frequency: 39452
921th: 11 { 7092 7062 4438 4428 4404 3404 265 260 188 184 180 }   support: 0.804388  frequency: 39452
922th: 6 { 7102 4438 4426 4404 3404 188 }   support: 0.804388  frequency: 39452
923th: 7 { 7092 4940 4438 4436 265 260 188 }   support: 0.804388  frequency: 39452
924th: 6 { 7112 4438 4428 188 170 17 }   support: 0.804388  frequency: 39452
925th: 8 { 7112 7102 7062 4940 4438 4436 4434 4432 }   support: 0.804367  frequency: 39451
926th: 11 { 7112 4940 4438 4436 4434 4432 4428 4426 184 180 170 }   support: 0.804367  frequency: 39451
927th: 9 { 7092 4438 4434 4430 4428 265 260 184 180 }   support: 0.804367  frequency: 39451
928th: 9 { 7102 7062 4438 4434 4432 4428 4426 188 170 }   support: 0.804367  frequency: 39451
929th: 8 { 7102 4940 4438 4434 4428 4426 188 170 }   support: 0.804367  frequency: 39451
930th: 8 { 4940 4438 4436 4434 4428 4404 3404 188 }   support: 0.804367  frequency: 39451
931th: 9 { 7112 7092 7062 4438 4432 4404 3404 184 180 }   support: 0.804347  frequency: 39450
932th: 8 { 7112 7092 7062 4438 4430 4426 188 170 }   support: 0.804347  frequency: 39450
933th: 10 { 7112 7092 7062 4940 4438 4432 4428 188 184 180 }   support: 0.804347  frequency: 39450
934th: 11 { 7062 4438 4434 4432 4404 3404 265 260 188 184 180 }   support: 0.804347  frequency: 39450
935th: 9 { 7102 7092 4438 4436 4434 188 184 180 170 }   support: 0.804347  frequency: 39450
936th: 10 { 7092 4940 4438 4434 4432 4430 188 184 180 170 }   support: 0.804347  frequency: 39450
937th: 8 { 4438 4436 4434 4430 4404 3404 184 180 }   support: 0.804347  frequency: 39450
938th: 10 { 7062 4940 4438 4432 4404 3404 265 260 188 170 }   support: 0.804347  frequency: 39450
939th: 5 { 7112 4438 4404 3404 17 }   support: 0.804347  frequency: 39450
940th: 8 { 7112 7092 4438 4434 4430 4428 188 170 }   support: 0.804347  frequency: 39450
941th: 9 { 7092 7062 4940 4438 4432 265 260 188 170 }   support: 0.804327  frequency: 39449
942th: 10 { 7062 4438 4436 4434 4432 4404 3404 188 184 180 }   support: 0.804327  frequency: 39449
943th: 9 { 7092 7062 4438 4436 4432 4428 265 260 170 }   support: 0.804327  frequency: 39449
944th: 8 { 7112 4940 4438 4436 4434 4430 4426 170 }   support: 0.804327  frequency: 39449
945th: 8 { 7092 7062 4940 4438 4436 4430 188 170 }   support: 0.804327  frequency: 39449
946th: 8 { 4940 4438 4436 4432 4426 265 260 170 }   support: 0.804327  frequency: 39449
947th: 8 { 7112 7092 4940 4438 4430 188 184 180 }   support: 0.804327  frequency: 39449
948th: 9 { 7092 7062 4438 4436 4434 4432 265 260 170 }   support: 0.804327  frequency: 39449
949th: 6 { 7092 7082 7062 4438 4436 4432 }   support: 0.804306  frequency: 39448
950th: 9 { 7112 7102 7092 4438 4436 4434 184 180 170 }   support: 0.804306  frequency: 39448
951th: 7 { 7102 7062 4438 4430 4426 188 170 }   support: 0.804306  frequency: 39448
952th: 8 { 4438 4436 4426 4404 3404 265 260 188 }   support: 0.804306  frequency: 39448
953th: 10 { 4438 4434 4432 4428 4404 3404 265 260 188 170 }   support: 0.804306  frequency: 39448
954th: 11 { 4940 4438 4432 4428 4426 4404 3404 188 184 180 170 }   support: 0.804306  frequency: 39448
955th: 7 { 4438 4436 4428 188 184 180 17 }   support: 0.804286  frequency: 39447
956th: 9 { 7092 7062 4940 4438 4436 4432 4426 188 170 }   support: 0.804286  frequency: 39447
957th: 7 { 7102 4940 4438 4428 265 260 170 }   support: 0.804286  frequency: 39447
958th: 8 { 7112 7102 7092 4438 4436 4432 184 180 }   support: 0.804286  frequency: 39447
959th: 11 { 7062 4438 4436 4434 4432 4428 265 260 184 180 170 }   support: 0.804286  frequency: 39447
960th: 9 { 7112 7102 7062 4438 4434 4432 4428 4426 170 }   support: 0.804286  frequency: 39447
961th: 10 { 7062 4438 4434 4430 4428 4404 3404 188 184 180 }   support: 0.804286  frequency: 39447
962th: 7 { 7112 7062 4438 4430 4426 265 260 }   support: 0.804286  frequency: 39447
963th: 10 { 7062 4940 4438 4436 265 260 188 184 180 170 }   support: 0.804265  frequency: 39446
964th: 8 { 7062 4940 4438 4432 188 184 180 17 }   support: 0.804265  frequency: 39446
965th: 6 { 7102 4940 4438 4432 4404 3404 }   support: 0.804265  frequency: 39446
966th: 5 { 7112 7092 4438 4428 17 }   support: 0.804265  frequency: 39446
967th: 7 { 7102 7062 4438 4436 4432 4404 3404 }   support: 0.804265  frequency: 39446
968th: 7 { 7112 7102 7062 4438 4434 4428 188 }   support: 0.804265  frequency: 39446
969th: 4 { 7082 4438 4434 4430 }   support: 0.804265  frequency: 39446
970th: 8 { 4940 4438 4436 4432 4426 4404 3404 170 }   support: 0.804265  frequency: 39446
971th: 8 { 7092 4438 4434 4432 4430 265 260 170 }   support: 0.804265  frequency: 39446
972th: 9 { 7112 7062 4940 4438 4434 4430 188 184 180 }   support: 0.804245  frequency: 39445
973th: 9 { 7112 7102 7092 7062 4438 4434 4428 184 180 }   support: 0.804245  frequency: 39445
974th: 8 { 7112 4940 4438 4436 4434 4426 188 170 }   support: 0.804245  frequency: 39445
975th: 10 { 7112 4438 4434 4428 4426 265 260 184 180 170 }   support: 0.804245  frequency: 39445
976th: 8 { 7102 4940 4438 4434 4432 4428 188 170 }   support: 0.804245  frequency: 39445
977th: 8 { 7102 7092 4438 265 260 184 180 170 }   support: 0.804225  frequency: 39444
978th: 8 { 7062 4438 4434 4428 4426 188 170 17 }   support: 0.804225  frequency: 39444
979th: 7 { 7102 7092 7062 4438 4432 4426 188 }   support: 0.804225  frequency: 39444
980th: 5 { 7082 7062 4438 4430 4428 }   support: 0.804225  frequency: 39444
981th: 8 { 7112 7102 4940 4438 4434 4428 4426 170 }   support: 0.804225  frequency: 39444
982th: 8 { 7102 4438 4428 4426 265 260 184 180 }   support: 0.804225  frequency: 39444
983th: 6 { 7112 7092 4438 4430 4404 3404 }   support: 0.804225  frequency: 39444
984th: 9 { 7062 4438 4436 4434 4432 4430 4426 188 170 }   support: 0.804204  frequency: 39443
985th: 8 { 7102 4940 4438 4404 3404 184 180 170 }   support: 0.804204  frequency: 39443
986th: 8 { 4438 4436 4432 4430 265 260 184 180 }   support: 0.804204  frequency: 39443
987th: 9 { 7102 7062 4940 4438 4434 4432 4430 4428 170 }   support: 0.804204  frequency: 39443
988th: 8 { 7062 4940 4438 4436 4432 4426 265 260 }   support: 0.804204  frequency: 39443
989th: 7 { 7102 7092 7062 4940 4438 4432 188 }   support: 0.804204  frequency: 39443
990th: 11 { 7102 7062 4440 4438 4436 4434 4432 4430 4428 4426 4414 }   support: 0.804204  frequency: 39443
991th: 7 { 7092 4438 4436 4432 265 260 188 }   support: 0.804184  frequency: 39442
992th: 6 { 7092 4438 4426 4404 3404 17 }   support: 0.804184  frequency: 39442
993th: 6 { 7092 4438 4430 184 180 17 }   support: 0.804184  frequency: 39442
994th: 6 { 7092 7082 4438 4432 184 180 }   support: 0.804184  frequency: 39442
995th: 7 { 4940 4438 4432 4428 188 170 17 }   support: 0.804184  frequency: 39442
996th: 7 { 7102 4438 4434 4432 4428 265 260 }   support: 0.804163  frequency: 39441
997th: 8 { 7092 7062 4438 4436 4428 265 260 188 }   support: 0.804163  frequency: 39441
998th: 10 { 7112 7062 4438 4434 4426 265 260 184 180 170 }   support: 0.804163  frequency: 39441
999th: 9 { 7062 4438 4434 4432 4430 4426 4404 3404 170 }   support: 0.804163  frequency: 39441
1000th: 9 { 7112 7062 4438 4430 265 260 184 180 170 }   support: 0.804163  frequency: 39441
1001th: 5 { 7102 7082 4438 4434 4426 }   support: 0.804163  frequency: 39441
1002th: 10 { 7092 4438 4426 4404 3404 265 260 188 184 180 }   support: 0.804163  frequency: 39441
1003th: 7 { 4438 4436 4434 4432 4430 265 260 }   support: 0.804163  frequency: 39441
1004th: 6 { 7112 7102 4438 4436 4432 188 }   support: 0.804163  frequency: 39441
1005th: 8 { 7102 7062 4438 4426 265 260 184 180 }   support: 0.804163  frequency: 39441
1006th: 6 { 4940 4438 4434 4426 188 17 }   support: 0.804143  frequency: 39440
1007th: 8 { 7102 7062 4438 4434 4430 188 184 180 }   support: 0.804143  frequency: 39440
1008th: 10 { 7112 7062 4438 4436 4434 4432 4428 188 184 180 }   support: 0.804143  frequency: 39440
1009th: 10 { 7102 7062 4940 4438 4436 4434 4432 4426 184 180 }   support: 0.804143  frequency: 39440
1010th: 8 { 4940 4438 4432 4430 4428 4404 3404 188 }   support: 0.804143  frequency: 39440
1011th: 9 { 7092 7062 4438 4434 4426 4404 3404 265 260 }   support: 0.804143  frequency: 39440
1012th: 8 { 7092 7062 4438 4434 188 184 180 17 }   support: 0.804143  frequency: 39440
1013th: 6 { 7112 7102 4438 4436 4430 4426 }   support: 0.804143  frequency: 39440
1014th: 7 { 7102 7092 4438 4432 4428 4426 188 }   support: 0.804123  frequency: 39439
1015th: 9 { 7102 7092 4438 4434 4432 4430 184 180 170 }   support: 0.804123  frequency: 39439
1016th: 5 { 4438 4434 4430 188 17 }   support: 0.804123  frequency: 39439
1017th: 5 { 7082 4940 4438 4434 4432 }   support: 0.804123  frequency: 39439
1018th: 8 { 7112 7102 4940 4438 4434 4432 4428 170 }   support: 0.804123  frequency: 39439
1019th: 7 { 7102 4438 4434 4426 265 260 170 }   support: 0.804123  frequency: 39439
1020th: 7 { 7112 7062 4438 4436 265 260 188 }   support: 0.804102  frequency: 39438
1021th: 8 { 4940 4438 4436 4434 4430 4428 4426 188 }   support: 0.804102  frequency: 39438
1022th: 8 { 7112 7062 4438 4436 4432 265 260 170 }   support: 0.804102  frequency: 39438
1023th: 9 { 7112 4438 4434 4404 3404 265 260 184 180 }   support: 0.804102  frequency: 39438
1024th: 6 { 7112 7102 7092 7062 4438 188 }   support: 0.804102  frequency: 39438
1025th: 8 { 7102 4438 4436 4434 265 260 184 180 }   support: 0.804082  frequency: 39437
1026th: 7 { 7092 7082 4438 4434 184 180 170 }   support: 0.804082  frequency: 39437
1027th: 10 { 7112 7092 7062 4438 4430 4428 188 184 180 170 }   support: 0.804082  frequency: 39437
1028th: 9 { 7092 7062 4438 4436 4432 4428 4404 3404 170 }   support: 0.804082  frequency: 39437
1029th: 9 { 7092 7062 4438 4434 4430 4428 4404 3404 170 }   support: 0.804082  frequency: 39437
1030th: 9 { 7092 4438 4436 4434 4432 4404 3404 184 180 }   support: 0.804082  frequency: 39437
1031th: 9 { 7062 4438 4434 4432 4430 4426 265 260 170 }   support: 0.804082  frequency: 39437
1032th: 8 { 7112 7062 4438 4434 4428 265 260 188 }   support: 0.804082  frequency: 39437
1033th: 8 { 4940 4438 4436 4404 3404 265 260 188 }   support: 0.804061  frequency: 39436
1034th: 10 { 7112 4438 4434 4428 4426 4404 3404 184 180 170 }   support: 0.804061  frequency: 39436
1035th: 8 { 7112 4438 4434 4428 4404 3404 265 260 }   support: 0.804061  frequency: 39436
1036th: 8 { 7062 4940 4438 4436 4432 4426 4404 3404 }   support: 0.804061  frequency: 39436
1037th: 8 { 4940 4438 4434 4432 4426 265 260 188 }   support: 0.804061  frequency: 39436
1038th: 10 { 7112 7062 4438 4434 4426 4404 3404 184 180 170 }   support: 0.804061  frequency: 39436
1039th: 8 { 4438 4428 4426 4404 3404 188 170 17 }   support: 0.804061  frequency: 39436
1040th: 8 { 7092 4438 4434 4432 4430 4404 3404 170 }   support: 0.804061  frequency: 39436
1041th: 8 { 7062 4438 4428 265 260 188 170 17 }   support: 0.804061  frequency: 39436
1042th: 9 { 7092 4940 4438 4428 4426 4404 3404 265 260 }   support: 0.804061  frequency: 39436
1043th: 6 { 7102 7092 4438 4430 188 170 }   support: 0.804061  frequency: 39436
1044th: 9 { 7092 7062 4438 4434 4430 4428 265 260 170 }   support: 0.804061  frequency: 39436
1045th: 7 { 7062 4438 4432 4430 184 180 17 }   support: 0.804061  frequency: 39436
1046th: 8 { 7112 4940 4438 4436 4434 4428 4426 188 }   support: 0.804041  frequency: 39435
1047th: 10 { 7062 4438 4436 4426 265 260 188 184 180 170 }   support: 0.804041  frequency: 39435
1048th: 8 { 7062 4438 4436 4434 4430 4428 265 260 }   support: 0.804041  frequency: 39435
1049th: 9 { 7062 4438 4430 4426 265 260 188 184 180 }   support: 0.804041  frequency: 39435
1050th: 10 { 7112 7062 4940 4438 4436 4432 4430 184 180 170 }   support: 0.804041  frequency: 39435
1051th: 11 { 7112 7062 4940 4438 4434 4432 4430 4428 4426 184 180 }   support: 0.804041  frequency: 39435
1052th: 7 { 7102 4940 4438 4436 4434 4430 4426 }   support: 0.804041  frequency: 39435
1053th: 7 { 7112 4438 4430 4426 4404 3404 170 }   support: 0.804041  frequency: 39435
1054th: 9 { 4438 4436 4434 4404 3404 265 260 188 170 }   support: 0.804041  frequency: 39435
1055th: 6 { 7092 4940 4438 4404 3404 17 }   support: 0.804041  frequency: 39435
1056th: 7 { 7112 4438 4436 4428 4404 3404 188 }   support: 0.804041  frequency: 39435
1057th: 7 { 7112 4438 4436 4432 4428 4404 3404 }   support: 0.804041  frequency: 39435
1058th: 9 { 7092 7062 4438 4436 4434 4432 4404 3404 170 }   support: 0.804021  frequency: 39434
1059th: 9 { 7092 4438 4436 4434 4430 4428 188 184 180 }   support: 0.804021  frequency: 39434
1060th: 8 { 7112 7102 7062 4940 4438 4434 4426 170 }   support: 0.804021  frequency: 39434
1061th: 6 { 4940 4438 4430 4428 170 17 }   support: 0.804021  frequency: 39434
1062th: 10 { 7062 4438 4434 4432 4428 4404 3404 265 260 188 }   support: 0.804021  frequency: 39434
1063th: 9 { 7112 7062 4940 4438 265 260 188 184 180 }   support: 0.804021  frequency: 39434
1064th: 8 { 7112 7062 4940 4438 4434 4432 4430 188 }   support: 0.804021  frequency: 39434
1065th: 7 { 7112 4940 4438 184 180 170 17 }   support: 0.804  frequency: 39433
1066th: 5 { 7112 7102 4438 4404 3404 }   support: 0.804  frequency: 39433
1067th: 7 { 7102 7092 4438 4434 4432 4430 4426 }   support: 0.804  frequency: 39433
1068th: 7 { 7102 7092 4940 4438 4432 188 170 }   support: 0.804  frequency: 39433
1069th: 7 { 7112 4940 4438 4434 265 260 188 }   support: 0.80398  frequency: 39432
1070th: 9 { 7112 7062 4940 4438 4432 4430 4428 188 170 }   support: 0.80398  frequency: 39432
1071th: 12 { 7062 4438 4434 4428 4426 4404 3404 265 260 184 180 170 }   support: 0.80398  frequency: 39432
1072th: 9 { 7102 7092 7062 4438 4434 4432 4430 184 180 }   support: 0.80398  frequency: 39432
1073th: 9 { 7062 4438 4434 4430 4404 3404 265 260 170 }   support: 0.80398  frequency: 39432
1074th: 9 { 7092 7062 4940 4438 4426 4404 3404 265 260 }   support: 0.80398  frequency: 39432
1075th: 6 { 4438 4434 4432 265 260 17 }   support: 0.80398  frequency: 39432
1076th: 9 { 4438 4436 4434 4432 4430 4426 188 184 180 }   support: 0.80398  frequency: 39432
1077th: 7 { 7062 4438 4428 4404 3404 3403 188 }   support: 0.80398  frequency: 39432
1078th: 8 { 7062 4438 4436 4434 4430 4428 4404 3404 }   support: 0.80396  frequency: 39431
1079th: 8 { 7112 4438 4436 4432 265 260 184 180 }   support: 0.80396  frequency: 39431
1080th: 8 { 4940 4438 4436 4432 4428 4426 265 260 }   support: 0.80396  frequency: 39431
1081th: 6 { 7062 4940 4438 4430 170 17 }   support: 0.80396  frequency: 39431
1082th: 8 { 7082 7062 4438 4436 4434 4428 184 180 }   support: 0.80396  frequency: 39431
1083th: 7 { 7062 4940 4438 4436 4430 265 260 }   support: 0.803939  frequency: 39430
1084th: 7 { 4438 4434 4430 184 180 170 17 }   support: 0.803939  frequency: 39430
1085th: 8 { 7102 7092 4940 4438 4428 188 184 180 }   support: 0.803939  frequency: 39430
1086th: 9 { 4438 4430 4428 4404 3404 265 260 188 170 }   support: 0.803939  frequency: 39430
1087th: 8 { 4940 4438 4436 4432 4428 4426 4404 3404 }   support: 0.803939  frequency: 39430
1088th: 8 { 7102 7062 4438 4428 4426 265 260 170 }   support: 0.803939  frequency: 39430
1089th: 6 { 7112 7102 7092 4438 188 170 }   support: 0.803939  frequency: 39430
1090th: 9 { 7092 4438 4434 4428 4426 4404 3404 265 260 }   support: 0.803939  frequency: 39430
1091th: 6 { 7082 4438 4432 4428 4426 170 }   support: 0.803919  frequency: 39429
1092th: 7 { 4438 4434 265 260 188 170 17 }   support: 0.803919  frequency: 39429
1093th: 8 { 7092 4438 4436 4426 4404 3404 188 170 }   support: 0.803919  frequency: 39429
1094th: 12 { 7112 7092 7062 4940 4438 4434 4432 4428 4426 184 180 170 }   support: 0.803919  frequency: 39429
1095th: 7 { 7112 4438 4436 4404 3404 265 260 }   support: 0.803919  frequency: 39429
1096th: 7 { 7102 4438 4436 4432 4404 3404 170 }   support: 0.803919  frequency: 39429
1097th: 9 { 7092 4940 4438 4436 4432 4428 4426 188 170 }   support: 0.803919  frequency: 39429
1098th: 8 { 7062 4438 4426 4404 3404 188 170 17 }   support: 0.803898  frequency: 39428
1099th: 6 { 7092 7082 7062 4438 4432 170 }   support: 0.803898  frequency: 39428
1100th: 8 { 4438 4434 4404 3404 3403 184 180 170 }   support: 0.803898  frequency: 39428
1101th: 9 { 7112 7092 7062 4438 4428 4426 265 260 170 }   support: 0.803898  frequency: 39428
1102th: 9 { 7112 7092 7062 4438 4436 4426 188 184 180 }   support: 0.803898  frequency: 39428
1103th: 11 { 7062 4438 4432 4430 4428 4426 4404 3404 184 180 170 }   support: 0.803898  frequency: 39428
1104th: 11 { 7062 4438 4432 4430 4428 4426 265 260 184 180 170 }   support: 0.803898  frequency: 39428
1105th: 10 { 7092 7062 4438 4432 4428 4426 4404 3404 188 170 }   support: 0.803898  frequency: 39428
1106th: 6 { 7102 7082 4438 4436 4428 4426 }   support: 0.803898  frequency: 39428
1107th: 8 { 7102 7092 7062 4940 4438 4436 4432 4426 }   support: 0.803898  frequency: 39428
1108th: 5 { 7112 4940 4438 188 17 }   support: 0.803878  frequency: 39427
1109th: 7 { 7112 4438 4434 4430 4428 4404 3404 }   support: 0.803878  frequency: 39427
1110th: 6 { 4438 4426 4404 3404 3403 188 }   support: 0.803878  frequency: 39427
1111th: 9 { 7102 4940 4438 4434 4432 4430 4428 184 180 }   support: 0.803878  frequency: 39427
1112th: 7 { 7102 7062 4438 4434 4426 265 260 }   support: 0.803858  frequency: 39426
1113th: 7 { 7112 7092 4940 4438 4436 4432 188 }   support: 0.803858  frequency: 39426
1114th: 7 { 7092 4940 4438 4434 4430 4404 3404 }   support: 0.803858  frequency: 39426
1115th: 10 { 7112 7062 4940 4438 4434 4432 4428 4426 188 170 }   support: 0.803858  frequency: 39426
1116th: 7 { 7092 4940 4438 4434 4430 265 260 }   support: 0.803858  frequency: 39426
1117th: 7 { 4438 4428 4426 265 260 188 17 }   support: 0.803858  frequency: 39426
1118th: 8 { 7102 4438 4432 4430 188 184 180 170 }   support: 0.803837  frequency: 39425
1119th: 9 { 7062 4438 4436 4434 4432 4428 4404 3404 188 }   support: 0.803837  frequency: 39425
1120th: 8 { 7092 4438 4436 4434 4432 4428 265 260 }   support: 0.803837  frequency: 39425
1121th: 10 { 7112 4940 4438 4428 4426 265 260 184 180 170 }   support: 0.803837  frequency: 39425
1122th: 7 { 4438 4436 4434 4432 4430 4404 3404 }   support: 0.803837  frequency: 39425
1123th: 9 { 7112 7092 4438 265 260 188 184 180 170 }   support: 0.803837  frequency: 39425
1124th: 11 { 7062 4940 4438 4434 4432 4430 4426 188 184 180 170 }   support: 0.803837  frequency: 39425
1125th: 7 { 7062 4438 4430 4428 4426 170 17 }   support: 0.803837  frequency: 39425
1126th: 9 { 7102 7062 4438 4430 4428 188 184 180 170 }   support: 0.803837  frequency: 39425
1127th: 11 { 7112 7062 4940 4438 4436 4434 4432 4428 4426 184 180 }   support: 0.803837  frequency: 39425
1128th: 10 { 7112 7102 7062 4438 4436 4432 4428 184 180 170 }   support: 0.803837  frequency: 39425
1129th: 7 { 7102 7092 4438 4432 4426 188 170 }   support: 0.803817  frequency: 39424
1130th: 8 { 7112 7062 4940 4438 4434 4404 3404 188 }   support: 0.803817  frequency: 39424
1131th: 7 { 4940 4438 4436 4430 265 260 170 }   support: 0.803817  frequency: 39424
1132th: 7 { 7112 7102 4438 4436 4434 4430 4428 }   support: 0.803817  frequency: 39424
1133th: 4 { 7082 4438 4432 4430 }   support: 0.803817  frequency: 39424
1134th: 8 { 7112 7092 4438 4436 4434 4432 188 170 }   support: 0.803817  frequency: 39424
1135th: 11 { 7062 4438 4436 4434 4432 4430 4428 188 184 180 170 }   support: 0.803817  frequency: 39424
1136th: 9 { 7102 7062 4940 4438 4436 4428 188 184 180 }   support: 0.803817  frequency: 39424
1137th: 10 { 7112 7092 7062 4940 4438 4436 4434 4426 184 180 }   support: 0.803817  frequency: 39424
1138th: 9 { 7112 7062 4438 4436 4430 188 184 180 170 }   support: 0.803817  frequency: 39424
1139th: 8 { 7092 7062 4438 4430 265 260 188 170 }   support: 0.803796  frequency: 39423
1140th: 6 { 7102 7082 4438 4436 4426 170 }   support: 0.803796  frequency: 39423
1141th: 8 { 4438 4436 4432 4430 4404 3404 184 180 }   support: 0.803796  frequency: 39423
1142th: 6 { 7112 7082 4438 184 180 170 }   support: 0.803796  frequency: 39423
1143th: 8 { 7112 4940 4438 4426 4404 3404 188 170 }   support: 0.803796  frequency: 39423
1144th: 11 { 7062 4438 4434 4432 4430 4428 4404 3404 184 180 170 }   support: 0.803796  frequency: 39423
1145th: 11 { 7092 7062 4438 4436 4434 4432 4430 4426 184 180 170 }   support: 0.803796  frequency: 39423
1146th: 8 { 7102 7092 4438 4436 4432 188 184 180 }   support: 0.803796  frequency: 39423
1147th: 8 { 7062 4438 4436 4432 4430 4428 265 260 }   support: 0.803796  frequency: 39423
1148th: 8 { 7112 4940 4438 4428 265 260 188 170 }   support: 0.803776  frequency: 39422
1149th: 8 { 4940 4438 4434 4426 184 180 170 17 }   support: 0.803776  frequency: 39422
1150th: 8 { 7112 7102 4438 4436 4434 4432 4426 170 }   support: 0.803776  frequency: 39422
1151th: 8 { 7062 4940 4438 265 260 184 180 17 }   support: 0.803776  frequency: 39422
1152th: 7 { 7112 4438 4436 4434 4432 4404 3404 }   support: 0.803776  frequency: 39422
1153th: 8 { 7112 7092 4438 4436 4432 4428 188 170 }   support: 0.803776  frequency: 39422
1154th: 8 { 4940 4438 4436 4432 4430 4428 4426 188 }   support: 0.803776  frequency: 39422
1155th: 9 { 7062 4940 4438 4404 3404 184 180 170 17 }   support: 0.803756  frequency: 39421
1156th: 9 { 7062 4438 4436 4434 4404 3404 265 260 188 }   support: 0.803756  frequency: 39421
1157th: 10 { 7112 7062 4438 4432 4430 4428 4426 188 184 180 }   support: 0.803756  frequency: 39421
1158th: 9 { 7112 7102 7092 7062 4438 4436 4434 184 180 }   support: 0.803756  frequency: 39421
1159th: 7 { 7112 7102 4438 4436 4434 4430 170 }   support: 0.803756  frequency: 39421
1160th: 8 { 7092 4438 4404 3404 188 184 180 17 }   support: 0.803756  frequency: 39421
1161th: 11 { 7062 4940 4438 4432 4426 4404 3404 188 184 180 170 }   support: 0.803756  frequency: 39421
1162th: 8 { 7062 4438 4432 4428 4426 188 170 17 }   support: 0.803756  frequency: 39421
1163th: 7 { 7102 7092 4438 4436 4432 4428 188 }   support: 0.803756  frequency: 39421
1164th: 5 { 7092 7082 4438 4432 4428 }   support: 0.803756  frequency: 39421
1165th: 7 { 7112 7062 4438 4430 4426 4404 3404 }   support: 0.803735  frequency: 39420
1166th: 10 { 7092 7062 4438 4434 4432 265 260 188 184 180 }   support: 0.803735  frequency: 39420
1167th: 9 { 7112 7062 4438 4434 4404 3404 265 260 170 }   support: 0.803735  frequency: 39420
1168th: 7 { 7102 4438 4434 4428 4426 265 260 }   support: 0.803735  frequency: 39420
1169th: 10 { 7112 7092 4940 4438 4434 4432 4430 184 180 170 }   support: 0.803735  frequency: 39420
1170th: 6 { 4438 4434 4428 4404 3404 3403 }   support: 0.803735  frequency: 39420
1171th: 10 { 7092 4438 4436 4428 4426 265 260 184 180 170 }   support: 0.803735  frequency: 39420
1172th: 10 { 7062 4940 4438 4430 4404 3404 188 184 180 170 }   support: 0.803735  frequency: 39420
1173th: 10 { 4940 4438 4436 4404 3404 265 260 184 180 170 }   support: 0.803735  frequency: 39420
1174th: 5 { 4438 4430 4404 3404 17 }   support: 0.803735  frequency: 39420
1175th: 7 { 7062 4438 4426 265 260 188 17 }   support: 0.803715  frequency: 39419
1176th: 11 { 7062 4438 4434 4432 4430 4428 265 260 184 180 170 }   support: 0.803715  frequency: 39419
1177th: 7 { 7082 4940 4438 4428 184 180 170 }   support: 0.803715  frequency: 39419
1178th: 6 { 7062 4438 4436 4404 3404 17 }   support: 0.803715  frequency: 39419
1179th: 9 { 7112 4438 4428 4426 265 260 188 184 180 }   support: 0.803715  frequency: 39419
1180th: 9 { 7112 7102 7062 4940 4438 4436 4428 184 180 }   support: 0.803715  frequency: 39419
1181th: 9 { 7092 7062 4438 4434 4428 4426 265 260 188 }   support: 0.803715  frequency: 39419
1182th: 11 { 7092 7062 4940 4438 4434 4430 4428 188 184 180 170 }   support: 0.803715  frequency: 39419
1183th: 9 { 7112 7062 4438 4430 4404 3404 184 180 170 }   support: 0.803694  frequency: 39418
1184th: 8 { 7092 4438 4434 4432 184 180 170 17 }   support: 0.803694  frequency: 39418
1185th: 10 { 7062 4940 4438 4428 4426 4404 3404 265 260 188 }   support: 0.803694  frequency: 39418
1186th: 8 { 7112 7062 4438 4434 4426 4404 3404 188 }   support: 0.803694  frequency: 39418
1187th: 8 { 4438 4434 4432 4428 188 184 180 17 }   support: 0.803694  frequency: 39418
1188th: 9 { 7062 4438 4434 4404 3404 184 180 170 17 }   support: 0.803694  frequency: 39418
1189th: 7 { 7112 7102 4438 4434 4428 188 170 }   support: 0.803694  frequency: 39418
1190th: 7 { 7112 4438 4434 4426 265 260 188 }   support: 0.803694  frequency: 39418
1191th: 8 { 7092 4438 4430 4404 3404 265 260 170 }   support: 0.803694  frequency: 39418
1192th: 8 { 7112 7102 7092 7062 4438 4436 4432 170 }   support: 0.803694  frequency: 39418
1193th: 9 { 7112 7092 7062 4940 4438 4434 4430 4426 170 }   support: 0.803674  frequency: 39417
1194th: 10 { 7102 7092 7062 4940 4438 4434 4428 4426 184 180 }   support: 0.803674  frequency: 39417
1195th: 9 { 7092 7062 4438 4436 4434 4404 3404 188 170 }   support: 0.803674  frequency: 39417
1196th: 8 { 7112 4940 4438 4436 4432 4430 4426 170 }   support: 0.803674  frequency: 39417
1197th: 6 { 7112 7062 4438 4432 170 17 }   support: 0.803674  frequency: 39417
1198th: 6 { 7092 4940 4438 4434 4428 17 }   support: 0.803674  frequency: 39417
1199th: 9 { 7102 4940 4438 4436 4434 4430 184 180 170 }   support: 0.803674  frequency: 39417
1200th: 8 { 7112 4438 4434 4428 4426 4404 3404 188 }   support: 0.803674  frequency: 39417
1201th: 8 { 7092 4438 4436 4434 4432 4428 4404 3404 }   support: 0.803674  frequency: 39417
1202th: 9 { 7112 7092 4438 4436 4430 4426 184 180 170 }   support: 0.803654  frequency: 39416
1203th: 6 { 7112 7092 4438 4436 4430 188 }   support: 0.803654  frequency: 39416
1204th: 6 { 7062 4438 4436 4434 4432 17 }   support: 0.803654  frequency: 39416
1205th: 8 { 7102 7062 4438 4436 4428 265 260 170 }   support: 0.803654  frequency: 39416
1206th: 10 { 4940 4438 4432 4426 265 260 188 184 180 170 }   support: 0.803654  frequency: 39416
1207th: 9 { 7092 7062 4940 4438 4428 4426 265 260 188 }   support: 0.803654  frequency: 39416
1208th: 10 { 7102 7062 4940 4438 4432 4430 4428 184 180 170 }   support: 0.803654  frequency: 39416
1209th: 7 { 7062 4940 4438 4436 4430 4404 3404 }   support: 0.803654  frequency: 39416
1210th: 9 { 7112 4438 4436 4434 265 260 184 180 170 }   support: 0.803633  frequency: 39415
1211th: 5 { 4438 4436 4432 4426 17 }   support: 0.803633  frequency: 39415
1212th: 7 { 7112 7092 4438 4432 4426 265 260 }   support: 0.803633  frequency: 39415
1213th: 7 { 7102 7062 4940 4438 4428 265 260 }   support: 0.803633  frequency: 39415
1214th: 8 { 7102 7062 4438 4436 4434 4432 4426 188 }   support: 0.803633  frequency: 39415
1215th: 6 { 7102 7092 4438 4432 265 260 }   support: 0.803633  frequency: 39415
1216th: 7 { 4940 4438 4436 4430 4404 3404 170 }   support: 0.803633  frequency: 39415
1217th: 9 { 7092 7062 4940 4438 4432 4404 3404 265 260 }   support: 0.803633  frequency: 39415
1218th: 8 { 7102 7092 4438 4434 4430 4426 184 180 }   support: 0.803633  frequency: 39415
1219th: 9 { 4438 4432 4430 4428 4426 4404 3404 188 170 }   support: 0.803633  frequency: 39415
1220th: 7 { 7112 7102 7092 4940 4438 4434 4428 }   support: 0.803613  frequency: 39414
1221th: 7 { 7112 7102 7092 4940 4438 4432 170 }   support: 0.803613  frequency: 39414
1222th: 6 { 4438 4436 4434 4432 170 17 }   support: 0.803613  frequency: 39414
1223th: 5 { 7112 4438 4434 188 17 }   support: 0.803613  frequency: 39414
1224th: 8 { 4438 4436 4434 4428 4426 265 260 188 }   support: 0.803613  frequency: 39414
1225th: 8 { 7062 4438 4434 4432 4430 265 260 188 }   support: 0.803613  frequency: 39414
1226th: 9 { 7112 7062 4438 4426 265 260 188 184 180 }   support: 0.803613  frequency: 39414
1227th: 10 { 7112 4940 4438 4428 4426 4404 3404 184 180 170 }   support: 0.803613  frequency: 39414
1228th: 10 { 7062 4940 4438 4434 4430 4404 3404 184 180 170 }   support: 0.803613  frequency: 39414
1229th: 7 { 4438 4432 4430 4428 184 180 17 }   support: 0.803613  frequency: 39414
1230th: 10 { 7102 7062 4940 4438 4436 4434 4432 4428 4426 170 }   support: 0.803613  frequency: 39414
1231th: 12 { 7062 4438 4432 4428 4426 4404 3404 265 260 184 180 170 }   support: 0.803613  frequency: 39414
1232th: 10 { 7102 7062 4438 4434 4432 4430 4426 184 180 170 }   support: 0.803593  frequency: 39413
1233th: 10 { 7092 7062 4438 4434 4432 4428 4404 3404 188 170 }   support: 0.803593  frequency: 39413
1234th: 9 { 7112 7062 4438 4432 4428 4404 3404 188 170 }   support: 0.803593  frequency: 39413
1235th: 6 { 7102 7082 4438 4436 4432 4428 }   support: 0.803593  frequency: 39413
1236th: 11 { 7112 7092 7062 4438 4432 4428 4426 188 184 180 170 }   support: 0.803593  frequency: 39413
1237th: 11 { 7092 7062 4940 4438 4434 4404 3404 188 184 180 170 }   support: 0.803593  frequency: 39413
1238th: 10 { 7112 7062 4438 4434 4432 4430 4428 188 184 180 }   support: 0.803593  frequency: 39413
1239th: 9 { 7112 7102 7062 4940 4438 4434 4432 184 180 }   support: 0.803593  frequency: 39413
1240th: 6 { 7082 7062 4940 4438 4432 170 }   support: 0.803572  frequency: 39412
1241th: 10 { 4940 4438 4436 4428 4404 3404 188 184 180 170 }   support: 0.803572  frequency: 39412
1242th: 9 { 7112 7092 7062 4438 4428 4426 4404 3404 170 }   support: 0.803572  frequency: 39412
1243th: 10 { 7112 7062 4940 4438 4426 265 260 184 180 170 }   support: 0.803552  frequency: 39411
1244th: 6 { 7102 7082 4438 4434 4432 170 }   support: 0.803552  frequency: 39411
1245th: 9 { 7092 4438 4432 4428 4426 265 260 188 170 }   support: 0.803552  frequency: 39411
1246th: 7 { 7092 4438 4434 4428 4426 170 17 }   support: 0.803552  frequency: 39411
1247th: 8 { 7112 4438 4432 4428 265 260 188 170 }   support: 0.803552  frequency: 39411
1248th: 9 { 4438 4434 4430 4404 3404 265 260 184 180 }   support: 0.803552  frequency: 39411
1249th: 9 { 7112 7062 4940 4438 4436 4434 4432 4430 170 }   support: 0.803531  frequency: 39410
1250th: 9 { 7112 7062 4940 4438 4436 4434 4432 4430 4428 }   support: 0.803531  frequency: 39410
1251th: 6 { 7082 4438 4436 188 184 180 }   support: 0.803531  frequency: 39410
1252th: 9 { 4438 4434 4432 4430 4426 265 260 184 180 }   support: 0.803531  frequency: 39410
1253th: 6 { 4940 4438 4432 4404 3404 17 }   support: 0.803511  frequency: 39409
1254th: 10 { 7092 4438 4436 4428 4426 4404 3404 184 180 170 }   support: 0.803511  frequency: 39409
1255th: 10 { 7112 7062 4940 4438 4432 265 260 184 180 170 }   support: 0.803511  frequency: 39409
1256th: 10 { 7092 4940 4438 4434 265 260 188 184 180 170 }   support: 0.803511  frequency: 39409
1257th: 9 { 7112 4940 4438 4434 4428 265 260 184 180 }   support: 0.803511  frequency: 39409
1258th: 8 { 7092 4940 4438 4426 184 180 170 17 }   support: 0.803511  frequency: 39409
1259th: 9 { 7102 7062 4438 4432 265 260 184 180 170 }   support: 0.803511  frequency: 39409
1260th: 7 { 7092 7062 4940 4438 4434 170 17 }   support: 0.803491  frequency: 39408
1261th: 9 { 7102 7062 4940 4438 4432 4428 188 184 180 }   support: 0.803491  frequency: 39408
1262th: 10 { 7062 4940 4438 4436 4434 4430 188 184 180 170 }   support: 0.803491  frequency: 39408
1263th: 8 { 7062 4438 4434 265 260 184 180 17 }   support: 0.803491  frequency: 39408
1264th: 7 { 7112 4438 4434 184 180 170 17 }   support: 0.803491  frequency: 39408
1265th: 8 { 7102 7062 4438 4434 4432 265 260 170 }   support: 0.803491  frequency: 39408
1266th: 8 { 7112 7092 4438 4436 4432 4430 4428 4426 }   support: 0.803491  frequency: 39408
1267th: 7 { 7092 7062 4438 4434 4426 170 17 }   support: 0.80347  frequency: 39407
1268th: 9 { 4438 4436 4434 4432 4428 4404 3404 188 170 }   support: 0.80347  frequency: 39407
1269th: 9 { 4438 4434 4432 4430 4426 4404 3404 184 180 }   support: 0.80347  frequency: 39407
1270th: 10 { 7112 7092 4940 4438 4434 4432 188 184 180 170 }   support: 0.80347  frequency: 39407
1271th: 8 { 7102 7092 4940 4438 4436 4432 4428 4426 }   support: 0.80347  frequency: 39407
1272th: 10 { 7112 4438 4434 4430 4428 4426 188 184 180 170 }   support: 0.80347  frequency: 39407
1273th: 8 { 7092 7062 4940 4438 4436 4430 4428 188 }   support: 0.80347  frequency: 39407
1274th: 7 { 7112 7102 7062 4438 4436 4434 188 }   support: 0.80347  frequency: 39407
1275th: 7 { 7062 4438 4436 4428 4426 170 17 }   support: 0.80347  frequency: 39407
1276th: 5 { 7102 7092 7082 4438 4434 }   support: 0.80347  frequency: 39407
1277th: 9 { 7062 4438 4432 4430 4428 4426 4404 3404 188 }   support: 0.80345  frequency: 39406
1278th: 8 { 4438 4434 4432 4430 265 260 188 170 }   support: 0.80345  frequency: 39406
1279th: 8 { 7092 7062 4438 4436 4426 4404 3404 188 }   support: 0.80345  frequency: 39406
1280th: 9 { 7112 7062 4940 4438 4430 4426 188 184 180 }   support: 0.80345  frequency: 39406
1281th: 6 { 7082 4438 4436 4432 4428 4426 }   support: 0.80345  frequency: 39406
1282th: 9 { 7112 7102 7062 4940 4438 4428 4426 184 180 }   support: 0.803429  frequency: 39405
1283th: 8 { 7112 7102 7062 4438 4434 188 184 180 }   support: 0.803429  frequency: 39405
1284th: 9 { 7062 4438 4430 4428 4404 3404 265 260 188 }   support: 0.803429  frequency: 39405
1285th: 9 { 7112 4940 4438 4404 3404 265 260 184 180 }   support: 0.803429  frequency: 39405
1286th: 11 { 7112 7092 7062 4438 4434 4432 4428 188 184 180 170 }   support: 0.803429  frequency: 39405
1287th: 11 { 7092 7062 4940 4438 4434 4432 265 260 184 180 170 }   support: 0.803429  frequency: 39405
1288th: 10 { 7062 4940 4438 4434 4430 265 260 184 180 170 }   support: 0.803429  frequency: 39405
1289th: 9 { 7092 4438 4432 4426 4404 3404 265 260 170 }   support: 0.803409  frequency: 39404
1290th: 10 { 4438 4436 4426 4404 3404 265 260 184 180 170 }   support: 0.803409  frequency: 39404
1291th: 10 { 7112 4438 4432 4428 4426 265 260 184 180 170 }   support: 0.803409  frequency: 39404
1292th: 9 { 7102 7062 4940 4438 4436 4434 4430 184 180 }   support: 0.803409  frequency: 39404
1293th: 10 { 7102 4940 4438 4436 4434 4432 4428 4426 184 180 }   support: 0.803409  frequency: 39404
1294th: 8 { 7062 4438 4436 4432 4430 4428 4404 3404 }   support: 0.803409  frequency: 39404
1295th: 6 { 7082 4940 4438 4432 184 180 }   support: 0.803409  frequency: 39404
1296th: 8 { 7102 4940 4438 4436 4430 4428 4426 170 }   support: 0.803409  frequency: 39404
1297th: 8 { 7112 7102 7062 4438 4428 188 184 180 }   support: 0.803409  frequency: 39404
1298th: 8 { 7112 7062 4438 4436 4432 4404 3404 170 }   support: 0.803409  frequency: 39404
1299th: 9 { 7092 7062 4438 4430 4428 4404 3404 188 170 }   support: 0.803389  frequency: 39403
1300th: 5 { 7082 4940 4438 4432 4428 }   support: 0.803389  frequency: 39403
1301th: 10 { 7062 4940 4438 4436 4428 4426 4404 3404 184 180 }   support: 0.803389  frequency: 39403
1302th: 7 { 7112 4438 4436 4430 4426 188 170 }   support: 0.803389  frequency: 39403
1303th: 9 { 7102 7092 4438 4436 4428 188 184 180 170 }   support: 0.803389  frequency: 39403
1304th: 9 { 4940 4438 4430 265 260 188 184 180 170 }   support: 0.803389  frequency: 39403
1305th: 10 { 7092 4438 4436 4434 4428 265 260 184 180 170 }   support: 0.803389  frequency: 39403
1306th: 7 { 7092 4940 4438 4430 4404 3404 188 }   support: 0.803389  frequency: 39403
1307th: 7 { 7092 7082 7062 4438 4428 184 180 }   support: 0.803368  frequency: 39402
1308th: 7 { 7092 4940 4438 4428 188 170 17 }   support: 0.803368  frequency: 39402
1309th: 7 { 7102 7092 4940 4438 4430 4428 4426 }   support: 0.803368  frequency: 39402
1310th: 10 { 7092 7062 4940 4438 4436 4434 4426 188 184 180 }   support: 0.803368  frequency: 39402
1311th: 8 { 7112 7102 7092 4438 4436 4434 4428 170 }   support: 0.803368  frequency: 39402
1312th: 11 { 7092 7062 4940 4438 4434 4432 4404 3404 184 180 170 }   support: 0.803368  frequency: 39402
1313th: 10 { 7062 4940 4438 4436 4428 4426 265 260 184 180 }   support: 0.803368  frequency: 39402
1314th: 10 { 7092 4438 4436 4434 4428 4404 3404 184 180 170 }   support: 0.803368  frequency: 39402
1315th: 8 { 7092 4438 4432 4430 4428 4426 265 260 }   support: 0.803368  frequency: 39402
1316th: 9 { 4940 4438 4428 4426 188 184 180 170 17 }   support: 0.803368  frequency: 39402
1317th: 9 { 4438 4436 4432 4428 265 260 188 184 180 }   support: 0.803368  frequency: 39402
1318th: 7 { 7082 4438 4434 4426 184 180 170 }   support: 0.803368  frequency: 39402
1319th: 8 { 7102 7092 4438 4436 4432 4430 4428 170 }   support: 0.803348  frequency: 39401
1320th: 9 { 7112 7092 4940 4438 4432 4426 188 184 180 }   support: 0.803348  frequency: 39401
1321th: 7 { 7092 7062 4940 4438 4428 4426 17 }   support: 0.803348  frequency: 39401
1322th: 6 { 7102 4438 4432 4430 4426 188 }   support: 0.803348  frequency: 39401
1323th: 10 { 7112 7062 4438 4428 4426 4404 3404 188 184 180 }   support: 0.803348  frequency: 39401
1324th: 9 { 7112 4438 4430 4428 265 260 184 180 170 }   support: 0.803348  frequency: 39401
1325th: 8 { 4438 4436 4434 4430 4428 265 260 170 }   support: 0.803348  frequency: 39401
1326th: 10 { 7092 7062 4940 4438 4434 4426 4404 3404 184 180 }   support: 0.803348  frequency: 39401
1327th: 9 { 7092 7062 4438 4436 4434 4430 4428 188 170 }   support: 0.803348  frequency: 39401
1328th: 6 { 7102 7092 7082 4438 4436 170 }   support: 0.803348  frequency: 39401
1329th: 8 { 4438 4436 4434 4430 4428 4404 3404 170 }   support: 0.803348  frequency: 39401
1330th: 9 { 7062 4438 4436 4432 4428 4404 3404 265 260 }   support: 0.803327  frequency: 39400
1331th: 6 { 7092 4438 4434 4432 188 17 }   support: 0.803327  frequency: 39400
1332th: 7 { 7102 4438 4434 4432 4430 188 170 }   support: 0.803327  frequency: 39400
1333th: 6 { 7102 7092 4438 4436 4404 3404 }   support: 0.803327  frequency: 39400
1334th: 9 { 7112 7062 4438 4436 4428 265 260 184 180 }   support: 0.803327  frequency: 39400
1335th: 7 { 7112 7102 7092 4438 4432 4426 170 }   support: 0.803327  frequency: 39400
1336th: 11 { 7062 4438 4436 4428 4426 4404 3404 188 184 180 170 }   support: 0.803327  frequency: 39400
1337th: 6 { 7102 7092 4438 4430 4428 188 }   support: 0.803327  frequency: 39400
1338th: 9 { 7112 7092 7062 4438 4436 4430 4426 184 180 }   support: 0.803327  frequency: 39400
1339th: 7 { 7112 7102 4940 4438 4434 4432 4426 }   support: 0.803327  frequency: 39400
1340th: 10 { 7092 7062 4438 4434 4404 3404 265 260 188 170 }   support: 0.803327  frequency: 39400
1341th: 4 { 7082 4438 4432 188 }   support: 0.803327  frequency: 39400
1342th: 8 { 7092 4940 4438 4432 4426 4404 3404 188 }   support: 0.803307  frequency: 39399
1343th: 5 { 7082 4438 4436 4430 170 }   support: 0.803307  frequency: 39399
1344th: 9 { 7092 7062 4438 4432 4426 265 260 188 170 }   support: 0.803307  frequency: 39399
1345th: 11 { 7062 4940 4438 4434 4432 4428 4426 4404 3404 184 180 }   support: 0.803307  frequency: 39399
1346th: 8 { 7102 4438 4436 4428 265 260 184 180 }   support: 0.803307  frequency: 39399
1347th: 7 { 7102 4438 4436 4434 4428 4404 3404 }   support: 0.803307  frequency: 39399
1348th: 8 { 7112 7092 7062 4940 4438 4436 4428 188 }   support: 0.803307  frequency: 39399
1349th: 9 { 7112 4940 4438 4434 4428 4404 3404 184 180 }   support: 0.803307  frequency: 39399
1350th: 8 { 7102 7092 4438 4432 4430 4428 4426 170 }   support: 0.803307  frequency: 39399
1351th: 8 { 7112 4940 4438 4436 265 260 184 180 }   support: 0.803307  frequency: 39399
1352th: 7 { 7062 4940 4438 4434 4428 188 17 }   support: 0.803287  frequency: 39398
1353th: 6 { 7082 4438 4436 4432 4426 170 }   support: 0.803287  frequency: 39398
1354th: 7 { 7102 4940 4438 4434 265 260 170 }   support: 0.803287  frequency: 39398
1355th: 10 { 7112 7062 4940 4438 4426 4404 3404 184 180 170 }   support: 0.803287  frequency: 39398
1356th: 7 { 7092 7062 4438 4428 4404 3404 17 }   support: 0.803287  frequency: 39398
1357th: 11 { 4940 4438 4434 4432 4428 4404 3404 188 184 180 170 }   support: 0.803287  frequency: 39398
1358th: 11 { 7062 4940 4438 4436 4434 4432 4428 4426 188 184 180 }   support: 0.803287  frequency: 39398
1359th: 9 { 7062 4438 4434 4432 4430 4428 4404 3404 188 }   support: 0.803287  frequency: 39398
1360th: 6 { 7092 4940 4438 4426 188 17 }   support: 0.803266  frequency: 39397
1361th: 8 { 7062 4940 4438 4434 4432 184 180 17 }   support: 0.803266  frequency: 39397
1362th: 9 { 7092 4438 4432 4428 4426 4404 3404 265 260 }   support: 0.803266  frequency: 39397
1363th: 10 { 7062 4940 4438 4436 4434 4428 4404 3404 184 180 }   support: 0.803266  frequency: 39397
1364th: 10 { 7112 7092 4940 4438 4436 4434 4428 4426 184 180 }   support: 0.803266  frequency: 39397
1365th: 6 { 7082 7062 4438 4436 188 170 }   support: 0.803266  frequency: 39397
1366th: 8 { 7112 7102 7062 4438 4434 4430 4428 170 }   support: 0.803266  frequency: 39397
1367th: 8 { 7092 7062 4438 4430 4404 3404 265 260 }   support: 0.803266  frequency: 39397
1368th: 6 { 7092 4940 4438 4432 4428 17 }   support: 0.803266  frequency: 39397
1369th: 9 { 4438 4436 4432 4428 4404 3404 265 260 170 }   support: 0.803266  frequency: 39397
1370th: 8 { 7102 7062 4940 4438 265 260 184 180 }   support: 0.803246  frequency: 39396
1371th: 10 { 7092 7062 4940 4438 4434 4432 4430 188 184 180 }   support: 0.803246  frequency: 39396
1372th: 9 { 4438 4434 4430 4428 265 260 188 184 180 }   support: 0.803246  frequency: 39396
1373th: 9 { 7112 7062 4940 4438 4428 4404 3404 188 170 }   support: 0.803246  frequency: 39396
1374th: 8 { 7102 7092 7062 4438 4436 4430 4428 4426 }   support: 0.803246  frequency: 39396
1375th: 10 { 7112 7092 7062 4940 4438 4434 4432 4430 184 180 }   support: 0.803246  frequency: 39396
1376th: 8 { 7102 7092 7062 4438 4434 4430 4426 170 }   support: 0.803226  frequency: 39395
1377th: 8 { 7112 7102 4438 4432 4430 184 180 170 }   support: 0.803226  frequency: 39395
1378th: 8 { 7112 4940 4438 4432 4430 4428 4426 188 }   support: 0.803226  frequency: 39395
1379th: 10 { 7092 4940 4438 4434 4428 4426 4404 3404 184 180 }   support: 0.803226  frequency: 39395
1380th: 8 { 7082 4438 4436 4428 4426 184 180 170 }   support: 0.803226  frequency: 39395
1381th: 12 { 7062 4438 4434 4428 4404 3404 265 260 188 184 180 170 }   support: 0.803226  frequency: 39395
1382th: 9 { 7092 7062 4940 4438 4434 4430 4426 188 170 }   support: 0.803226  frequency: 39395
1383th: 7 { 7102 7082 7062 4438 4436 4432 170 }   support: 0.803205  frequency: 39394
1384th: 9 { 7112 7092 4438 4436 4428 4426 188 184 180 }   support: 0.803205  frequency: 39394
1385th: 10 { 7062 4940 4438 4436 4432 4430 188 184 180 170 }   support: 0.803205  frequency: 39394
1386th: 6 { 7112 7102 4940 4438 4434 4430 }   support: 0.803205  frequency: 39394
1387th: 9 { 7112 4438 4436 4434 4404 3404 184 180 170 }   support: 0.803205  frequency: 39394
1388th: 6 { 7062 4940 4438 4430 4428 17 }   support: 0.803205  frequency: 39394
1389th: 5 { 4438 4436 4404 3404 3403 }   support: 0.803205  frequency: 39394
1390th: 9 { 7092 4438 4436 4432 4430 4428 188 184 180 }   support: 0.803205  frequency: 39394
1391th: 9 { 7102 7062 4438 4436 4404 3404 184 180 170 }   support: 0.803185  frequency: 39393
1392th: 6 { 7112 7062 4438 4428 188 17 }   support: 0.803185  frequency: 39393
1393th: 12 { 7062 4438 4434 4432 4428 4404 3404 265 260 184 180 170 }   support: 0.803185  frequency: 39393
1394th: 6 { 4940 4438 4404 3404 3403 188 }   support: 0.803185  frequency: 39393
1395th: 7 { 7092 4438 4436 4426 265 260 188 }   support: 0.803185  frequency: 39393
1396th: 8 { 7112 4438 4432 4428 4404 3404 265 260 }   support: 0.803164  frequency: 39392
1397th: 10 { 7112 7092 7062 4438 4404 3404 188 184 180 170 }   support: 0.803164  frequency: 39392
1398th: 8 { 4940 4438 4434 4430 4404 3404 188 170 }   support: 0.803164  frequency: 39392
1399th: 9 { 7102 7092 7062 4940 4438 4436 4434 4432 4428 }   support: 0.803164  frequency: 39392
1400th: 6 { 7082 7062 4940 4438 4436 4432 }   support: 0.803164  frequency: 39392
1401th: 7 { 7112 7102 7062 4438 4436 4432 4430 }   support: 0.803164  frequency: 39392
1402th: 9 { 7062 4438 4430 4426 4404 3404 265 260 170 }   support: 0.803164  frequency: 39392
1403th: 10 { 7112 7062 4940 4438 4436 4432 188 184 180 170 }   support: 0.803164  frequency: 39392
1404th: 10 { 7092 7062 4940 4438 4404 3404 265 260 188 170 }   support: 0.803164  frequency: 39392
1405th: 7 { 7062 4438 4426 4404 3404 3403 170 }   support: 0.803164  frequency: 39392
1406th: 9 { 7102 7092 7062 4438 4436 4434 188 184 180 }   support: 0.803164  frequency: 39392
1407th: 8 { 4438 4434 4432 4430 4404 3404 265 260 }   support: 0.803144  frequency: 39391
1408th: 6 { 4940 4438 4432 4426 188 17 }   support: 0.803144  frequency: 39391
1409th: 8 { 4438 4432 4404 3404 188 184 180 17 }   support: 0.803144  frequency: 39391
1410th: 8 { 7092 4438 4432 4430 4428 4426 4404 3404 }   support: 0.803144  frequency: 39391
1411th: 7 { 7092 4940 4438 4430 4426 265 260 }   support: 0.803144  frequency: 39391
1412th: 9 { 7112 7102 4940 4438 4432 4428 184 180 170 }   support: 0.803144  frequency: 39391
1413th: 10 { 7112 7062 4438 4436 4432 4426 188 184 180 170 }   support: 0.803144  frequency: 39391
1414th: 8 { 7092 4438 4434 4432 4430 4428 265 260 }   support: 0.803144  frequency: 39391
1415th: 6 { 4438 4432 4428 4404 3404 3403 }   support: 0.803144  frequency: 39391
1416th: 8 { 7112 4940 4438 4434 4432 4430 188 170 }   support: 0.803144  frequency: 39391
1417th: 9 { 7112 4940 4438 4434 4430 4428 188 184 180 }   support: 0.803124  frequency: 39390
1418th: 8 { 7112 4438 4436 4432 4404 3404 184 180 }   support: 0.803124  frequency: 39390
1419th: 7 { 7102 7092 4940 4438 4436 4430 170 }   support: 0.803124  frequency: 39390
1420th: 8 { 7112 7092 7062 4438 4436 4434 4430 4426 }   support: 0.803124  frequency: 39390
1421th: 7 { 7112 4438 4430 4404 3404 188 170 }   support: 0.803124  frequency: 39390
1422th: 8 { 7102 7062 4438 4436 4434 4404 3404 170 }   support: 0.803124  frequency: 39390
1423th: 7 { 4438 4436 4434 4428 184 180 17 }   support: 0.803124  frequency: 39390
1424th: 10 { 7092 7062 4940 4438 4434 4426 265 260 184 180 }   support: 0.803124  frequency: 39390
1425th: 8 { 7102 4438 4434 4432 265 260 184 180 }   support: 0.803124  frequency: 39390
1426th: 8 { 7112 7062 4438 4432 4428 265 260 188 }   support: 0.803124  frequency: 39390
1427th: 8 { 7102 7092 7062 4438 4436 4434 4432 4430 }   support: 0.803124  frequency: 39390
1428th: 9 { 7062 4438 4436 4434 4432 4404 3404 265 260 }   support: 0.803103  frequency: 39389
1429th: 6 { 7112 7092 7062 4438 170 17 }   support: 0.803103  frequency: 39389
1430th: 7 { 7092 4940 4438 4430 4426 4404 3404 }   support: 0.803103  frequency: 39389
1431th: 6 { 7102 4940 4438 4404 3404 188 }   support: 0.803103  frequency: 39389
1432th: 8 { 7112 7092 4940 4438 4436 4428 188 170 }   support: 0.803103  frequency: 39389
1433th: 10 { 7062 4940 4438 4432 4430 4428 4404 3404 184 180 }   support: 0.803103  frequency: 39389
1434th: 11 { 7112 7062 4438 4436 4434 4430 4428 4426 184 180 170 }   support: 0.803103  frequency: 39389
1435th: 7 { 7112 4940 4438 4426 265 260 188 }   support: 0.803103  frequency: 39389
1436th: 10 { 7102 7092 7062 4438 4434 4430 4428 184 180 170 }   support: 0.803103  frequency: 39389
1437th: 8 { 7102 7092 4940 4438 4434 188 184 180 }   support: 0.803083  frequency: 39388
1438th: 11 { 7062 4438 4436 4434 4428 4404 3404 188 184 180 170 }   support: 0.803083  frequency: 39388
1439th: 8 { 4438 4436 4432 4430 4428 265 260 170 }   support: 0.803083  frequency: 39388
1440th: 9 { 7112 4940 4438 4436 4434 4432 4430 184 180 }   support: 0.803083  frequency: 39388
1441th: 7 { 7062 4438 4430 4426 184 180 17 }   support: 0.803083  frequency: 39388
1442th: 8 { 7092 4438 4436 4434 4432 4430 188 170 }   support: 0.803083  frequency: 39388
1443th: 7 { 7062 4940 4438 4432 4428 188 17 }   support: 0.803083  frequency: 39388
1444th: 12 { 7062 4940 4438 4428 4426 4404 3404 265 260 184 180 170 }   support: 0.803083  frequency: 39388
1445th: 9 { 4438 4430 4426 4404 3404 265 260 184 180 }   support: 0.803062  frequency: 39387
1446th: 9 { 4438 4434 4432 4430 4428 4404 3404 188 170 }   support: 0.803062  frequency: 39387
1447th: 10 { 7062 4940 4438 4430 4428 4426 4404 3404 184 180 }   support: 0.803062  frequency: 39387
1448th: 8 { 7112 7062 4438 4428 184 180 170 17 }   support: 0.803062  frequency: 39387
1449th: 8 { 7082 7062 4438 4434 4432 184 180 170 }   support: 0.803062  frequency: 39387
1450th: 10 { 7062 4940 4438 4432 4430 4428 265 260 184 180 }   support: 0.803042  frequency: 39386
1451th: 9 { 7092 4438 4436 4430 4428 4426 188 184 180 }   support: 0.803042  frequency: 39386
1452th: 10 { 7062 4438 4436 4432 4404 3404 265 260 184 180 }   support: 0.803042  frequency: 39386
1453th: 9 { 7062 4438 4436 4432 4428 265 260 188 170 }   support: 0.803042  frequency: 39386
1454th: 11 { 7062 4438 4436 4434 4404 3404 265 260 184 180 170 }   support: 0.803042  frequency: 39386
1455th: 9 { 7062 4940 4438 4434 4428 184 180 170 17 }   support: 0.803042  frequency: 39386
1456th: 10 { 7112 4438 4432 4428 4426 4404 3404 184 180 170 }   support: 0.803022  frequency: 39385
1457th: 9 { 7062 4940 4438 4426 188 184 180 170 17 }   support: 0.803022  frequency: 39385
1458th: 9 { 7112 7092 4940 4438 4434 4428 4426 188 170 }   support: 0.803022  frequency: 39385
1459th: 10 { 7062 4940 4438 4436 4434 4428 265 260 184 180 }   support: 0.803001  frequency: 39384
1460th: 9 { 7062 4438 4436 4434 4432 265 260 188 170 }   support: 0.803001  frequency: 39384
1461th: 10 { 7102 7092 4438 4436 4434 4432 4426 184 180 170 }   support: 0.803001  frequency: 39384
1462th: 10 { 4940 4438 4430 4428 4404 3404 188 184 180 170 }   support: 0.803001  frequency: 39384
1463th: 9 { 7112 7092 7062 4940 4438 4434 4426 188 170 }   support: 0.803001  frequency: 39384
1464th: 7 { 7112 7092 4940 4438 4436 4426 188 }   support: 0.803001  frequency: 39384
1465th: 7 { 7082 4940 4438 4434 184 180 170 }   support: 0.803001  frequency: 39384
1466th: 4 { 7112 7082 4438 4432 }   support: 0.803001  frequency: 39384
1467th: 7 { 7092 4940 4438 4436 4434 4430 188 }   support: 0.803001  frequency: 39384
1468th: 7 { 4940 4438 4434 4432 4428 170 17 }   support: 0.803001  frequency: 39384
1469th: 7 { 7112 7092 4438 4432 4426 4404 3404 }   support: 0.802981  frequency: 39383
1470th: 8 { 7092 4940 4438 4434 4432 4430 4426 188 }   support: 0.802981  frequency: 39383
1471th: 11 { 7062 4940 4438 4434 4432 4428 4426 265 260 184 180 }   support: 0.802981  frequency: 39383
1472th: 7 { 7102 7082 7062 4438 4436 4434 4428 }   support: 0.802981  frequency: 39383
1473th: 6 { 4940 4438 4436 4428 170 17 }   support: 0.802981  frequency: 39383
1474th: 9 { 4438 4436 4434 4432 265 260 188 184 180 }   support: 0.802981  frequency: 39383
1475th: 9 { 7062 4438 4434 4430 4428 265 260 188 170 }   support: 0.802981  frequency: 39383
1476th: 8 { 7092 4438 4430 4428 265 260 188 170 }   support: 0.80296  frequency: 39382
1477th: 10 { 7112 7062 4940 4438 4432 4404 3404 184 180 170 }   support: 0.80296  frequency: 39382
1478th: 9 { 7102 7092 4438 4434 4432 188 184 180 170 }   support: 0.80296  frequency: 39382
1479th: 7 { 7092 7082 4438 4436 4434 184 180 }   support: 0.80296  frequency: 39382
1480th: 10 { 7092 4438 4434 4432 4404 3404 265 260 184 180 }   support: 0.80296  frequency: 39382
1481th: 8 { 7092 4438 4434 4432 4430 4428 4404 3404 }   support: 0.80296  frequency: 39382
1482th: 9 { 7092 7062 4438 4432 4428 4426 265 260 188 }   support: 0.80296  frequency: 39382
1483th: 11 { 7112 7092 7062 4940 4438 4434 4430 4428 184 180 170 }   support: 0.80296  frequency: 39382
1484th: 7 { 7102 4940 4438 4428 4404 3404 170 }   support: 0.80294  frequency: 39381
1485th: 6 { 7102 4438 4436 265 260 188 }   support: 0.80294  frequency: 39381
1486th: 6 { 7092 4438 4434 4404 3404 17 }   support: 0.80294  frequency: 39381
1487th: 8 { 4940 4438 4430 4426 4404 3404 188 170 }   support: 0.80294  frequency: 39381
1488th: 11 { 7092 7062 4940 4438 4436 4434 4432 188 184 180 170 }   support: 0.80294  frequency: 39381
1489th: 10 { 7112 4438 4436 4432 4428 4426 188 184 180 170 }   support: 0.80294  frequency: 39381
1490th: 9 { 7092 4940 4438 4436 4428 265 260 184 180 }   support: 0.80294  frequency: 39381
1491th: 9 { 7112 7102 7062 4438 4430 4428 184 180 170 }   support: 0.80294  frequency: 39381
1492th: 10 { 4438 4436 4428 4426 265 260 188 184 180 170 }   support: 0.80292  frequency: 39380
1493th: 9 { 7112 4940 4438 4432 4428 265 260 184 180 }   support: 0.80292  frequency: 39380
1494th: 9 { 7112 7092 7062 4940 4438 4434 4428 4426 188 }   support: 0.80292  frequency: 39380
1495th: 9 { 7062 4940 4438 4432 4428 184 180 170 17 }   support: 0.80292  frequency: 39380
1496th: 9 { 7062 4438 4428 4404 3404 3403 184 180 170 }   support: 0.80292  frequency: 39380
1497th: 10 { 7092 4940 4438 4434 4428 4426 265 260 184 180 }   support: 0.80292  frequency: 39380
1498th: 10 { 7112 7062 4438 4432 4430 4426 188 184 180 170 }   support: 0.802899  frequency: 39379
1499th: 8 { 7062 4438 4434 4432 4428 4426 170 17 }   support: 0.802899  frequency: 39379
1500th: 10 { 7112 7062 4438 4428 4404 3404 265 260 184 180 }   support: 0.802899  frequency: 39379
1501th: 8 { 7102 4940 4438 4436 4434 4432 4430 170 }   support: 0.802899  frequency: 39379
1502th: 9 { 7112 7102 7092 4438 4436 4428 184 180 170 }   support: 0.802899  frequency: 39379
1503th: 10 { 7062 4940 4438 4430 4428 4426 265 260 184 180 }   support: 0.802879  frequency: 39378
1504th: 9 { 4438 4436 4434 4432 4404 3404 265 260 170 }   support: 0.802879  frequency: 39378
1505th: 8 { 7102 7082 4438 4436 4434 184 180 170 }   support: 0.802879  frequency: 39378
1506th: 7 { 7092 7082 7062 4438 4434 184 180 }   support: 0.802879  frequency: 39378
1507th: 8 { 7092 4438 4436 4434 265 260 188 170 }   support: 0.802879  frequency: 39378
1508th: 9 { 7112 7062 4438 4432 265 260 188 184 180 }   support: 0.802879  frequency: 39378
1509th: 10 { 7092 7062 4438 4432 4430 265 260 184 180 170 }   support: 0.802879  frequency: 39378
1510th: 8 { 7112 7102 4438 4434 4430 4428 184 180 }   support: 0.802879  frequency: 39378
1511th: 8 { 7102 7092 4438 4434 4426 188 184 180 }   support: 0.802879  frequency: 39378
1512th: 8 { 7112 7102 7062 4438 4432 4430 184 180 }   support: 0.802879  frequency: 39378
1513th: 10 { 7112 7102 7062 4438 4432 4428 4426 184 180 170 }   support: 0.802879  frequency: 39378
1514th: 7 { 7112 7092 4438 4436 4432 4426 188 }   support: 0.802879  frequency: 39378
1515th: 7 { 7092 4438 4432 4428 4426 170 17 }   support: 0.802879  frequency: 39378
1516th: 9 { 7112 4438 4430 4428 4404 3404 184 180 170 }   support: 0.802879  frequency: 39378
1517th: 9 { 7092 4940 4438 4436 4428 4404 3404 184 180 }   support: 0.802879  frequency: 39378
1518th: 9 { 7112 4438 4426 4404 3404 265 260 184 180 }   support: 0.802859  frequency: 39377
1519th: 9 { 7112 7062 4940 4438 4434 4428 265 260 170 }   support: 0.802859  frequency: 39377
1520th: 8 { 7102 7092 7062 4438 4436 4432 188 170 }   support: 0.802859  frequency: 39377
1521th: 8 { 4940 4438 4432 4426 184 180 170 17 }   support: 0.802859  frequency: 39377
1522th: 11 { 4940 4438 4434 4404 3404 265 260 188 184 180 170 }   support: 0.802859  frequency: 39377
1523th: 9 { 7112 7092 4438 4436 4434 4428 188 184 180 }   support: 0.802838  frequency: 39376
1524th: 7 { 4940 4438 4428 265 260 170 17 }   support: 0.802838  frequency: 39376
1525th: 7 { 7102 4438 4434 4426 4404 3404 170 }   support: 0.802838  frequency: 39376
1526th: 5 { 4438 4434 4430 4426 17 }   support: 0.802838  frequency: 39376
1527th: 6 { 4438 4436 4426 188 170 17 }   support: 0.802838  frequency: 39376
1528th: 6 { 7092 7082 4438 4436 4432 170 }   support: 0.802838  frequency: 39376
1529th: 10 { 7112 7062 4438 4432 4426 265 260 184 180 170 }   support: 0.802838  frequency: 39376
1530th: 8 { 7092 4438 4436 4434 4404 3404 265 260 }   support: 0.802838  frequency: 39376
1531th: 6 { 7112 7102 4438 4434 4426 188 }   support: 0.802838  frequency: 39376
1532th: 10 { 7092 4940 4438 4426 265 260 188 184 180 170 }   support: 0.802838  frequency: 39376
1533th: 7 { 7102 7062 4940 4438 4434 265 260 }   support: 0.802838  frequency: 39376
1534th: 6 { 7102 7082 7062 4940 4438 4436 }   support: 0.802818  frequency: 39375
1535th: 10 { 7112 4940 4438 4436 4434 4430 4428 184 180 170 }   support: 0.802818  frequency: 39375
1536th: 7 { 7102 7092 4940 4438 4436 4430 4428 }   support: 0.802818  frequency: 39375
1537th: 8 { 7062 4438 4434 4404 3404 188 170 17 }   support: 0.802818  frequency: 39375
1538th: 8 { 7102 7062 4438 4432 4430 188 184 180 }   support: 0.802818  frequency: 39375
1539th: 9 { 7092 4438 4434 4432 4428 265 260 188 170 }   support: 0.802818  frequency: 39375
1540th: 10 { 7112 4438 4434 4432 4428 265 260 184 180 170 }   support: 0.802797  frequency: 39374
1541th: 10 { 7062 4940 4438 4430 4426 4404 3404 184 180 170 }   support: 0.802797  frequency: 39374
1542th: 8 { 7112 4940 4438 4428 4404 3404 265 260 }   support: 0.802797  frequency: 39374
1543th: 7 { 7102 4940 4438 4436 4434 4426 188 }   support: 0.802797  frequency: 39374
1544th: 8 { 7062 4438 4404 3404 265 260 188 17 }   support: 0.802797  frequency: 39374
1545th: 8 { 7062 4940 4438 4434 4430 4404 3404 188 }   support: 0.802797  frequency: 39374
1546th: 10 { 7102 7092 4940 4438 4436 4434 4432 184 180 170 }   support: 0.802797  frequency: 39374
1547th: 11 { 7092 7062 4940 4438 4428 265 260 188 184 180 170 }   support: 0.802797  frequency: 39374
1548th: 8 { 7112 4940 4438 4428 4426 4404 3404 188 }   support: 0.802797  frequency: 39374
1549th: 9 { 4438 4434 4430 4428 4404 3404 265 260 170 }   support: 0.802797  frequency: 39374
1550th: 8 { 7112 7062 4940 4438 4436 265 260 170 }   support: 0.802797  frequency: 39374
1551th: 9 { 7092 7062 4438 4432 4426 4404 3404 265 260 }   support: 0.802777  frequency: 39373
1552th: 8 { 7102 7092 7062 4438 4436 4434 4428 188 }   support: 0.802777  frequency: 39373
1553th: 7 { 7062 4438 4432 4404 3404 3403 170 }   support: 0.802777  frequency: 39373
1554th: 7 { 7092 7082 7062 4438 4436 4434 170 }   support: 0.802777  frequency: 39373
1555th: 8 { 7112 7102 7092 7062 4438 4434 4432 4428 }   support: 0.802777  frequency: 39373
1556th: 9 { 7112 7062 4438 4436 4428 4404 3404 184 180 }   support: 0.802777  frequency: 39373
1557th: 7 { 4940 4438 4428 4404 3404 188 17 }   support: 0.802777  frequency: 39373
1558th: 7 { 4438 4434 4428 4404 3404 188 17 }   support: 0.802777  frequency: 39373
1559th: 7 { 7112 7062 4438 4430 4404 3404 188 }   support: 0.802777  frequency: 39373
1560th: 8 { 4438 4436 4432 4430 4428 4404 3404 170 }   support: 0.802777  frequency: 39373
1561th: 8 { 7102 4438 4428 4426 4404 3404 184 180 }   support: 0.802757  frequency: 39372
1562th: 5 { 7082 4438 4430 4428 170 }   support: 0.802757  frequency: 39372
1563th: 8 { 4940 4438 4434 4430 4426 4404 3404 170 }   support: 0.802757  frequency: 39372
1564th: 11 { 7062 4438 4436 4404 3404 265 260 188 184 180 170 }   support: 0.802736  frequency: 39371
1565th: 11 { 7092 7062 4438 4434 4428 265 260 188 184 180 170 }   support: 0.802736  frequency: 39371
1566th: 11 { 7112 7092 7062 4940 4438 4436 4434 4432 184 180 170 }   support: 0.802736  frequency: 39371
1567th: 11 { 7062 4438 4430 4428 4404 3404 265 260 184 180 170 }   support: 0.802736  frequency: 39371
1568th: 5 { 4940 4438 4436 4426 17 }   support: 0.802736  frequency: 39371
1569th: 11 { 7092 7062 4940 4438 4436 4432 4428 188 184 180 170 }   support: 0.802736  frequency: 39371
1570th: 8 { 7092 4940 4438 4436 4430 4428 188 170 }   support: 0.802736  frequency: 39371
1571th: 10 { 7102 7092 7062 4438 4436 4434 4432 4426 184 180 }   support: 0.802736  frequency: 39371
1572th: 6 { 4438 4432 4404 3404 3403 188 }   support: 0.802736  frequency: 39371
1573th: 7 { 7102 4438 4434 4432 4428 4404 3404 }   support: 0.802716  frequency: 39370
1574th: 8 { 7112 7102 4940 4438 4436 4434 4432 170 }   support: 0.802716  frequency: 39370
1575th: 10 { 7092 4940 4438 4432 4428 4426 4404 3404 184 180 }   support: 0.802716  frequency: 39370
1576th: 11 { 7112 7062 4940 4438 4434 4432 4430 4426 184 180 170 }   support: 0.802716  frequency: 39370
1577th: 9 { 7092 4438 4434 4432 4428 4404 3404 265 260 }   support: 0.802716  frequency: 39370
1578th: 8 { 7062 4940 4438 4436 4434 4430 4426 188 }   support: 0.802716  frequency: 39370
1579th: 10 { 7092 7062 4438 4432 4430 4404 3404 184 180 170 }   support: 0.802695  frequency: 39369
1580th: 9 { 7062 4438 4434 4430 4428 4404 3404 265 260 }   support: 0.802695  frequency: 39369
1581th: 11 { 7092 4940 4438 4428 4404 3404 265 260 184 180 170 }   support: 0.802695  frequency: 39369
1582th: 8 { 7092 7062 4438 4436 4434 265 260 188 }   support: 0.802695  frequency: 39369
1583th: 8 { 7062 4438 4436 4430 4428 4426 265 260 }   support: 0.802675  frequency: 39368
1584th: 8 { 7112 7092 7062 4940 4438 4430 188 170 }   support: 0.802675  frequency: 39368
1585th: 10 { 7102 4438 4436 4434 4430 4428 4426 184 180 170 }   support: 0.802675  frequency: 39368
1586th: 6 { 7112 4438 4430 265 260 188 }   support: 0.802675  frequency: 39368
1587th: 8 { 7102 4438 4436 4434 4432 4428 4426 188 }   support: 0.802675  frequency: 39368
1588th: 10 { 7062 4940 4438 4430 4426 265 260 184 180 170 }   support: 0.802675  frequency: 39368
1589th: 7 { 7092 7062 4438 4434 4428 4426 17 }   support: 0.802675  frequency: 39368
1590th: 9 { 7092 7062 4940 4438 4430 4404 3404 184 180 }   support: 0.802675  frequency: 39368
1591th: 9 { 7112 7062 4940 4438 4434 4428 4404 3404 170 }   support: 0.802655  frequency: 39367
1592th: 9 { 7092 7062 4940 4438 4430 265 260 184 180 }   support: 0.802655  frequency: 39367
1593th: 9 { 7112 7092 4438 4432 4430 188 184 180 170 }   support: 0.802655  frequency: 39367
1594th: 8 { 4438 4432 4430 4428 4426 265 260 188 }   support: 0.802655  frequency: 39367
1595th: 8 { 7102 7062 4438 4426 4404 3404 184 180 }   support: 0.802634  frequency: 39366
1596th: 6 { 7102 7082 7062 4438 4428 4426 }   support: 0.802634  frequency: 39366
1597th: 12 { 7062 4438 4432 4428 4404 3404 265 260 188 184 180 170 }   support: 0.802634  frequency: 39366
1598th: 8 { 7112 7102 7062 4940 4438 4436 4428 4426 }   support: 0.802634  frequency: 39366
1599th: 8 { 7102 7062 4438 4432 4428 265 260 170 }   support: 0.802634  frequency: 39366
1600th: 8 { 7062 4940 4438 4404 3404 188 170 17 }   support: 0.802634  frequency: 39366
1601th: 7 { 4438 4428 4426 4404 3404 3403 170 }   support: 0.802634  frequency: 39366
1602th: 10 { 7092 4438 4432 4404 3404 265 260 188 184 180 }   support: 0.802634  frequency: 39366
1603th: 8 { 7112 7102 7092 4940 4438 4434 184 180 }   support: 0.802634  frequency: 39366
1604th: 8 { 7112 4438 4436 4426 265 260 184 180 }   support: 0.802634  frequency: 39366
1605th: 8 { 4438 4426 4404 3404 3403 184 180 170 }   support: 0.802634  frequency: 39366
1606th: 10 { 7102 7062 4438 4436 4434 4430 4428 4426 184 180 }   support: 0.802614  frequency: 39365
1607th: 8 { 7102 7092 4940 4438 4436 4432 4426 170 }   support: 0.802614  frequency: 39365
1608th: 8 { 7092 4438 4430 4428 4404 3404 265 260 }   support: 0.802614  frequency: 39365
1609th: 8 { 7092 4940 4438 4436 4432 265 260 170 }   support: 0.802614  frequency: 39365
1610th: 8 { 7112 7092 7062 4438 4434 4432 265 260 }   support: 0.802614  frequency: 39365
1611th: 9 { 7092 4438 4434 4428 4404 3404 265 260 188 }   support: 0.802614  frequency: 39365
1612th: 8 { 7112 4940 4438 4432 4404 3404 188 170 }   support: 0.802614  frequency: 39365
1613th: 8 { 7112 7092 4438 4434 4432 265 260 170 }   support: 0.802614  frequency: 39365
1614th: 7 { 7102 7092 4940 4438 4434 4428 188 }   support: 0.802614  frequency: 39365
1615th: 8 { 7112 4940 4438 4434 4432 4430 4428 188 }   support: 0.802614  frequency: 39365
1616th: 8 { 7112 4940 4438 4436 4404 3404 184 180 }   support: 0.802593  frequency: 39364
1617th: 7 { 7112 7102 7092 4940 4438 4436 4434 }   support: 0.802593  frequency: 39364
1618th: 8 { 7102 7062 4438 4428 4426 4404 3404 170 }   support: 0.802593  frequency: 39364
1619th: 8 { 7112 7102 7092 4940 4438 4428 184 180 }   support: 0.802593  frequency: 39364
1620th: 9 { 7092 7062 4438 4434 4432 4428 265 260 188 }   support: 0.802593  frequency: 39364
1621th: 10 { 7092 4940 4438 4436 4434 4430 4428 4426 184 180 }   support: 0.802593  frequency: 39364
1622th: 8 { 7112 7062 4940 4438 4428 265 260 188 }   support: 0.802593  frequency: 39364
1623th: 7 { 7102 4940 4438 4434 4432 4426 188 }   support: 0.802593  frequency: 39364
1624th: 8 { 7112 7102 4438 4436 188 184 180 170 }   support: 0.802593  frequency: 39364
1625th: 8 { 7092 7062 4940 4438 4436 4432 265 260 }   support: 0.802573  frequency: 39363
1626th: 7 { 7062 4438 4434 265 260 188 17 }   support: 0.802573  frequency: 39363
1627th: 7 { 7062 4940 4438 265 260 188 17 }   support: 0.802573  frequency: 39363
1628th: 8 { 7092 7062 4438 4430 4428 265 260 188 }   support: 0.802553  frequency: 39362
1629th: 8 { 7112 4438 4432 4426 4404 3404 188 170 }   support: 0.802553  frequency: 39362
1630th: 9 { 7102 7092 7062 4438 4428 4426 188 184 180 }   support: 0.802553  frequency: 39362
1631th: 10 { 7112 4438 4404 3404 265 260 188 184 180 170 }   support: 0.802553  frequency: 39362
1632th: 8 { 7102 4438 4432 4428 265 260 184 180 }   support: 0.802532  frequency: 39361
1633th: 10 { 4940 4438 4434 4430 4428 4404 3404 184 180 170 }   support: 0.802532  frequency: 39361
1634th: 9 { 4438 4428 265 260 188 184 180 170 17 }   support: 0.802532  frequency: 39361
1635th: 6 { 7102 7082 7062 4438 4432 4428 }   support: 0.802532  frequency: 39361
1636th: 10 { 7092 7062 4438 4436 265 260 188 184 180 170 }   support: 0.802532  frequency: 39361
1637th: 10 { 7092 4940 4438 4432 4428 4426 265 260 184 180 }   support: 0.802532  frequency: 39361
1638th: 9 { 7112 4940 4438 4432 4428 4404 3404 184 180 }   support: 0.802532  frequency: 39361
1639th: 7 { 7112 7102 4438 4436 4434 188 170 }   support: 0.802532  frequency: 39361
1640th: 6 { 7092 7082 4940 4438 184 180 }   support: 0.802532  frequency: 39361
1641th: 8 { 7112 4438 4432 4428 4426 4404 3404 188 }   support: 0.802512  frequency: 39360
1642th: 8 { 7102 4438 4436 4434 4432 4426 188 170 }   support: 0.802512  frequency: 39360
1643th: 7 { 7102 7062 4438 4434 4426 4404 3404 }   support: 0.802512  frequency: 39360
1644th: 9 { 7092 7062 4438 4436 4432 4430 4428 188 170 }   support: 0.802512  frequency: 39360
1645th: 9 { 7092 4940 4438 4434 4432 4404 3404 188 170 }   support: 0.802512  frequency: 39360
1646th: 7 { 7092 4438 265 260 188 170 17 }   support: 0.802492  frequency: 39359
1647th: 8 { 7112 7062 4940 4438 4426 4404 3404 188 }   support: 0.802492  frequency: 39359
1648th: 9 { 7092 4940 4438 4428 4404 3404 265 260 188 }   support: 0.802492  frequency: 39359
1649th: 8 { 4940 4438 4404 3404 3403 184 180 170 }   support: 0.802492  frequency: 39359
1650th: 10 { 7112 7062 4438 4432 4426 4404 3404 184 180 170 }   support: 0.802492  frequency: 39359
1651th: 7 { 7102 7062 4438 4436 4434 4430 188 }   support: 0.802492  frequency: 39359
1652th: 7 { 7062 4940 4438 4404 3404 3403 170 }   support: 0.802492  frequency: 39359
1653th: 9 { 7092 4438 4436 4430 4426 188 184 180 170 }   support: 0.802492  frequency: 39359
1654th: 7 { 7112 4438 4436 4434 4404 3404 188 }   support: 0.802492  frequency: 39359
1655th: 8 { 4940 4438 4434 4430 4426 265 260 170 }   support: 0.802492  frequency: 39359
1656th: 12 { 7062 4438 4434 4432 4428 4426 4404 3404 188 184 180 170 }   support: 0.802492  frequency: 39359
1657th: 10 { 7112 7062 4940 4438 4436 4434 4430 4428 184 180 }   support: 0.802471  frequency: 39358
1658th: 10 { 7112 4438 4434 4432 4428 4404 3404 184 180 170 }   support: 0.802471  frequency: 39358
1659th: 8 { 7062 4940 4438 4434 4430 4426 4404 3404 }   support: 0.802471  frequency: 39358
1660th: 8 { 7102 4940 4438 4436 4434 4432 4430 4428 }   support: 0.802471  frequency: 39358
1661th: 6 { 7102 7082 7062 4438 4426 170 }   support: 0.802471  frequency: 39358
1662th: 7 { 7102 4438 4434 4432 4430 4428 188 }   support: 0.802451  frequency: 39357
1663th: 7 { 7112 7102 7092 4438 4436 4434 4426 }   support: 0.802451  frequency: 39357
1664th: 11 { 7092 4438 4434 4428 4404 3404 265 260 184 180 170 }   support: 0.802451  frequency: 39357
1665th: 7 { 7112 7092 4438 4432 4430 4426 188 }   support: 0.802451  frequency: 39357
1666th: 8 { 7062 4438 4428 4426 4404 3404 188 17 }   support: 0.802451  frequency: 39357
1667th: 7 { 7092 4940 4438 4436 4432 4430 188 }   support: 0.802451  frequency: 39357
1668th: 7 { 7112 7102 4438 4426 188 184 180 }   support: 0.802451  frequency: 39357
1669th: 7 { 7102 4438 4436 4404 3404 188 170 }   support: 0.802451  frequency: 39357
1670th: 11 { 4438 4434 4426 4404 3404 265 260 188 184 180 170 }   support: 0.802451  frequency: 39357
1671th: 7 { 4438 4434 4428 265 260 170 17 }   support: 0.80243  frequency: 39356
1672th: 8 { 7112 7102 4438 4436 4430 184 180 170 }   support: 0.80243  frequency: 39356
1673th: 7 { 7102 4438 4434 4428 4426 4404 3404 }   support: 0.80243  frequency: 39356
1674th: 8 { 7102 4438 4436 4434 4404 3404 184 180 }   support: 0.80243  frequency: 39356
1675th: 8 { 7062 4438 4436 4430 4428 4426 4404 3404 }   support: 0.80243  frequency: 39356
1676th: 11 { 7112 7092 7062 4940 4438 4436 4432 4428 184 180 170 }   support: 0.80243  frequency: 39356
1677th: 10 { 7112 7092 7062 4940 4438 265 260 184 180 170 }   support: 0.80241  frequency: 39355
1678th: 9 { 7112 4438 4428 4426 4404 3404 265 260 170 }   support: 0.80241  frequency: 39355
1679th: 7 { 4940 4438 4436 4430 4428 265 260 }   support: 0.80241  frequency: 39355
1680th: 8 { 7062 4940 4438 4436 4432 4430 4426 188 }   support: 0.80239  frequency: 39354
1681th: 8 { 7112 4940 4438 4434 4426 265 260 170 }   support: 0.80239  frequency: 39354
1682th: 9 { 7112 7062 4940 4438 4404 3404 265 260 170 }   support: 0.80239  frequency: 39354
1683th: 9 { 4438 4426 4404 3404 188 184 180 170 17 }   support: 0.80239  frequency: 39354
1684th: 8 { 7102 7092 4438 4404 3404 184 180 170 }   support: 0.80239  frequency: 39354
1685th: 8 { 7102 4438 265 260 188 184 180 170 }   support: 0.80239  frequency: 39354
1686th: 8 { 7092 4438 4436 4428 4426 4404 3404 188 }   support: 0.80239  frequency: 39354
1687th: 8 { 7092 7062 4438 265 260 184 180 17 }   support: 0.80239  frequency: 39354
1688th: 6 { 7112 7102 4940 4438 4428 188 }   support: 0.80239  frequency: 39354
1689th: 8 { 7112 7102 7092 7062 4438 4434 4428 4426 }   support: 0.802369  frequency: 39353
1690th: 9 { 4438 4434 4428 4426 188 184 180 170 17 }   support: 0.802369  frequency: 39353
1691th: 6 { 4940 4438 4426 265 260 17 }   support: 0.802369  frequency: 39353
1692th: 5 { 7082 7062 4438 4428 188 }   support: 0.802369  frequency: 39353
1693th: 8 { 4438 4436 4430 4428 4426 265 260 170 }   support: 0.802369  frequency: 39353
1694th: 7 { 7102 7092 4438 4428 265 260 170 }   support: 0.802349  frequency: 39352
1695th: 10 { 7092 7062 4438 4434 4432 4404 3404 265 260 170 }   support: 0.802349  frequency: 39352
1696th: 8 { 7112 4940 4438 4436 4434 4432 4428 188 }   support: 0.802349  frequency: 39352
1697th: 8 { 4438 4436 4434 4432 4428 265 260 188 }   support: 0.802349  frequency: 39352
1698th: 9 { 7112 7102 7092 4438 4428 4426 184 180 170 }   support: 0.802349  frequency: 39352
1699th: 11 { 7092 7062 4940 4438 4426 4404 3404 188 184 180 170 }   support: 0.802349  frequency: 39352
1700th: 10 { 7092 4940 4438 4436 4434 4428 4426 188 184 180 }   support: 0.802349  frequency: 39352
1701th: 9 { 7102 7092 7062 4438 4436 4434 4430 184 180 }   support: 0.802328  frequency: 39351
1702th: 9 { 7102 7092 4438 4436 4434 4430 184 180 170 }   support: 0.802328  frequency: 39351
1703th: 9 { 7112 7062 4438 4436 4434 4432 4428 4426 188 }   support: 0.802328  frequency: 39351
1704th: 9 { 7112 7062 4940 4438 4432 4428 265 260 170 }   support: 0.802328  frequency: 39351
1705th: 7 { 7112 4940 4438 4436 4428 265 260 }   support: 0.802328  frequency: 39351
1706th: 9 { 7112 4940 4438 4436 4432 4428 188 184 180 }   support: 0.802328  frequency: 39351
1707th: 6 { 7112 7082 7062 4438 184 180 }   support: 0.802328  frequency: 39351
1708th: 7 { 7062 4940 4438 4434 4432 4428 17 }   support: 0.802328  frequency: 39351
1709th: 8 { 7062 4940 4438 4434 4430 4426 265 260 }   support: 0.802328  frequency: 39351
1710th: 9 { 7062 4438 4434 4426 188 184 180 170 17 }   support: 0.802328  frequency: 39351
1711th: 5 { 7102 7092 7082 4438 4428 }   support: 0.802308  frequency: 39350
1712th: 9 { 7112 7102 7092 7062 4940 4438 184 180 170 }   support: 0.802308  frequency: 39350
1713th: 9 { 7112 4438 4436 4434 4432 4426 188 184 180 }   support: 0.802308  frequency: 39350
1714th: 10 { 7102 7092 7062 4940 4438 4436 4434 4432 184 180 }   support: 0.802308  frequency: 39350
1715th: 9 { 7112 4438 4436 4430 4428 188 184 180 170 }   support: 0.802288  frequency: 39349
1716th: 5 { 7102 7082 4940 4438 4434 }   support: 0.802288  frequency: 39349
1717th: 11 { 7112 7062 4438 4436 4432 4430 4428 4426 184 180 170 }   support: 0.802288  frequency: 39349
1718th: 8 { 7112 7062 4438 4436 4426 265 260 170 }   support: 0.802288  frequency: 39349
1719th: 7 { 7102 7082 4438 4436 4432 184 180 }   support: 0.802288  frequency: 39349
1720th: 8 { 7112 7102 7092 4438 4434 4426 184 180 }   support: 0.802288  frequency: 39349
1721th: 10 { 7112 7062 4438 4434 4430 4428 4426 188 184 180 }   support: 0.802288  frequency: 39349
1722th: 9 { 7112 7062 4438 4428 4426 265 260 188 170 }   support: 0.802288  frequency: 39349
1723th: 9 { 7112 4940 4438 4436 4434 4432 188 184 180 }   support: 0.802267  frequency: 39348
1724th: 9 { 7112 7062 4940 4438 4434 4430 4428 188 170 }   support: 0.802267  frequency: 39348
1725th: 8 { 7102 7062 4940 4438 4436 4434 4432 188 }   support: 0.802267  frequency: 39348
1726th: 7 { 7102 7062 4940 4438 4428 4404 3404 }   support: 0.802267  frequency: 39348
1727th: 7 { 7102 7062 4438 4436 4404 3404 188 }   support: 0.802267  frequency: 39348
1728th: 10 { 7112 7092 7062 4438 4434 265 260 184 180 170 }   support: 0.802267  frequency: 39348
1729th: 7 { 4438 4404 3404 3403 265 260 170 }   support: 0.802267  frequency: 39348
1730th: 8 { 7112 4940 4438 4434 4426 4404 3404 170 }   support: 0.802267  frequency: 39348
1731th: 11 { 7092 4940 4438 4428 4426 4404 3404 188 184 180 170 }   support: 0.802267  frequency: 39348
1732th: 8 { 7102 4438 4434 4430 4428 188 184 180 }   support: 0.802267  frequency: 39348
1733th: 8 { 7092 4438 4436 4434 4432 4430 4428 188 }   support: 0.802267  frequency: 39348
1734th: 11 { 4940 4438 4426 4404 3404 265 260 188 184 180 170 }   support: 0.802267  frequency: 39348
1735th: 10 { 7092 7062 4940 4438 4436 4434 4430 4428 4426 170 }   support: 0.802267  frequency: 39348
1736th: 7 { 4940 4438 4436 4430 4428 4404 3404 }   support: 0.802267  frequency: 39348
1737th: 9 { 7102 7092 7062 4940 4438 4436 4434 4428 4426 }   support: 0.802247  frequency: 39347
1738th: 10 { 4940 4438 4434 4430 4428 265 260 184 180 170 }   support: 0.802247  frequency: 39347
1739th: 11 { 7062 4940 4438 4434 4428 4404 3404 265 260 184 180 }   support: 0.802247  frequency: 39347
1740th: 8 { 7092 4940 4438 4436 4432 4404 3404 170 }   support: 0.802247  frequency: 39347
1741th: 7 { 7062 4438 4430 4428 188 170 17 }   support: 0.802247  frequency: 39347
1742th: 7 { 4438 4432 4428 4404 3404 188 17 }   support: 0.802247  frequency: 39347
1743th: 8 { 7112 7102 7062 4438 4436 4430 184 180 }   support: 0.802226  frequency: 39346
1744th: 6 { 7112 7102 4940 4438 4434 188 }   support: 0.802226  frequency: 39346
1745th: 7 { 7112 7092 4940 4438 4436 4430 4426 }   support: 0.802226  frequency: 39346
1746th: 8 { 7082 4438 4436 4434 4432 184 180 170 }   support: 0.802226  frequency: 39346
1747th: 9 { 7102 7092 4940 4438 4436 4434 4426 184 180 }   support: 0.802226  frequency: 39346
1748th: 7 { 4438 4432 4428 265 260 170 17 }   support: 0.802226  frequency: 39346
1749th: 8 { 4438 4436 4430 4428 4426 4404 3404 170 }   support: 0.802226  frequency: 39346
1750th: 9 { 7102 7092 4438 4432 4428 188 184 180 170 }   support: 0.802226  frequency: 39346
1751th: 7 { 7092 7082 4438 4436 4428 184 180 }   support: 0.802226  frequency: 39346
1752th: 6 { 7102 7082 4438 4426 184 180 }   support: 0.802226  frequency: 39346
1753th: 10 { 7112 4940 4438 4436 4432 4430 4428 184 180 170 }   support: 0.802206  frequency: 39345
1754th: 10 { 7092 4940 4438 4432 4430 4428 4426 188 184 180 }   support: 0.802206  frequency: 39345
1755th: 8 { 7112 7092 7062 4940 4438 4430 4428 188 }   support: 0.802206  frequency: 39345
1756th: 8 { 7092 7062 4940 4438 4436 4432 4404 3404 }   support: 0.802206  frequency: 39345
1757th: 5 { 7082 4438 4428 188 170 }   support: 0.802206  frequency: 39345
1758th: 8 { 7062 4438 4428 4426 265 260 170 17 }   support: 0.802186  frequency: 39344
1759th: 8 { 7062 4940 4438 4430 4426 4404 3404 188 }   support: 0.802186  frequency: 39344
1760th: 11 { 7062 4940 4438 4432 4428 4404 3404 265 260 184 180 }   support: 0.802186  frequency: 39344
1761th: 9 { 7092 7062 4940 4438 4428 184 180 170 17 }   support: 0.802186  frequency: 39344
1762th: 7 { 4438 4434 4432 4404 3404 170 17 }   support: 0.802186  frequency: 39344
1763th: 8 { 4940 4438 4428 4404 3404 184 180 17 }   support: 0.802186  frequency: 39344
1764th: 5 { 7082 4438 4436 4430 4428 }   support: 0.802186  frequency: 39344
1765th: 11 { 7092 4940 4440 4438 4436 4434 4432 4430 4428 4426 4414 }   support: 0.802165  frequency: 39343
1766th: 6 { 7062 4940 4438 4436 4428 17 }   support: 0.802165  frequency: 39343
1767th: 10 { 7092 4438 4430 4428 4426 265 260 184 180 170 }   support: 0.802165  frequency: 39343
1768th: 8 { 7112 7092 7062 4940 4438 4436 4434 188 }   support: 0.802165  frequency: 39343
1769th: 11 { 7062 4940 4438 4434 4428 4426 4404 3404 188 184 180 }   support: 0.802165  frequency: 39343
1770th: 7 { 4438 4432 265 260 188 170 17 }   support: 0.802165  frequency: 39343
1771th: 7 { 7102 7092 4438 4436 4434 4430 4426 }   support: 0.802165  frequency: 39343
1772th: 7 { 7082 7062 4438 4436 4434 4426 170 }   support: 0.802145  frequency: 39342
1773th: 9 { 7112 7102 7092 7062 4438 4436 4428 184 180 }   support: 0.802145  frequency: 39342
1774th: 10 { 7092 7062 4940 4438 4432 4426 4404 3404 184 180 }   support: 0.802145  frequency: 39342
1775th: 10 { 7092 4940 4438 4434 4432 4428 4404 3404 184 180 }   support: 0.802145  frequency: 39342
1776th: 10 { 7112 7092 7062 4438 4436 4434 4430 184 180 170 }   support: 0.802145  frequency: 39342
1777th: 10 { 7092 4438 4430 4428 4426 4404 3404 184 180 170 }   support: 0.802145  frequency: 39342
1778th: 6 { 7102 7092 7082 4438 184 180 }   support: 0.802125  frequency: 39341
1779th: 9 { 7112 7102 7062 4940 4438 4432 4428 184 180 }   support: 0.802125  frequency: 39341
1780th: 11 { 7062 4438 4430 4428 4426 4404 3404 188 184 180 170 }   support: 0.802125  frequency: 39341
1781th: 8 { 7092 4438 4436 4434 4428 4404 3404 188 }   support: 0.802125  frequency: 39341
1782th: 7 { 7102 7082 4438 4432 184 180 170 }   support: 0.802125  frequency: 39341
1783th: 10 { 7092 4940 4438 4436 4432 4430 4428 4426 184 180 }   support: 0.802125  frequency: 39341
1784th: 9 { 7112 7062 4438 4426 4404 3404 265 260 170 }   support: 0.802125  frequency: 39341
1785th: 10 { 7112 7092 7062 4940 4438 4436 4434 4428 4426 170 }   support: 0.802104  frequency: 39340
1786th: 7 { 7082 7062 4438 4434 4426 184 180 }   support: 0.802104  frequency: 39340
1787th: 10 { 7092 4438 4436 4404 3404 265 260 184 180 170 }   support: 0.802104  frequency: 39340
1788th: 10 { 7092 7062 4438 4426 4404 3404 265 260 188 170 }   support: 0.802104  frequency: 39340
1789th: 11 { 7092 7062 4438 4434 4426 4404 3404 188 184 180 170 }   support: 0.802104  frequency: 39340
1790th: 8 { 7102 7062 4438 4434 4430 4428 188 170 }   support: 0.802104  frequency: 39340
1791th: 7 { 7092 7062 4438 4432 4426 170 17 }   support: 0.802104  frequency: 39340
1792th: 9 { 7092 7062 4940 4438 4436 4428 265 260 170 }   support: 0.802104  frequency: 39340
1793th: 8 { 7112 7102 4940 4438 4436 4426 184 180 }   support: 0.802104  frequency: 39340
1794th: 9 { 7112 4438 4432 4404 3404 265 260 184 180 }   support: 0.802084  frequency: 39339
1795th: 8 { 7112 7062 4940 4438 4436 4404 3404 170 }   support: 0.802084  frequency: 39339
1796th: 8 { 7092 4940 4438 4434 184 180 170 17 }   support: 0.802084  frequency: 39339
1797th: 7 { 7092 7062 4438 4432 4428 4426 17 }   support: 0.802084  frequency: 39339
1798th: 7 { 7112 7102 4438 4434 4430 4428 4426 }   support: 0.802084  frequency: 39339
1799th: 10 { 7092 7062 4940 4438 4432 4426 265 260 184 180 }   support: 0.802084  frequency: 39339
1800th: 8 { 7102 7062 4438 4436 4428 4404 3404 170 }   support: 0.802084  frequency: 39339
1801th: 7 { 7112 4940 4438 4430 265 260 170 }   support: 0.802084  frequency: 39339
1802th: 10 { 7062 4438 4432 4430 265 260 188 184 180 170 }   support: 0.802063  frequency: 39338
1803th: 8 { 7102 7092 4438 4432 4430 4426 184 180 }   support: 0.802063  frequency: 39338
1804th: 10 { 7112 7092 4940 4438 4436 4434 4432 4428 184 180 }   support: 0.802063  frequency: 39338
1805th: 7 { 7112 4940 4438 4432 265 260 188 }   support: 0.802063  frequency: 39338
1806th: 7 { 7112 4438 4428 4426 184 180 17 }   support: 0.802063  frequency: 39338
1807th: 7 { 7112 4438 4432 4426 265 260 188 }   support: 0.802063  frequency: 39338
1808th: 7 { 7082 7062 4940 4438 4428 184 180 }   support: 0.802043  frequency: 39337
1809th: 8 { 7102 4940 4438 4436 4426 188 184 180 }   support: 0.802043  frequency: 39337
1810th: 7 { 7062 4438 4436 4428 188 170 17 }   support: 0.802043  frequency: 39337
1811th: 11 { 7092 4438 4434 4432 4428 4426 4404 3404 184 180 170 }   support: 0.802043  frequency: 39337
1812th: 12 { 7062 4940 4438 4428 4404 3404 265 260 188 184 180 170 }   support: 0.802043  frequency: 39337
1813th: 7 { 7092 4438 4434 4428 188 170 17 }   support: 0.802043  frequency: 39337
1814th: 8 { 7102 7082 7062 4438 4436 4434 184 180 }   support: 0.802043  frequency: 39337
1815th: 10 { 4438 4436 4434 4428 265 260 188 184 180 170 }   support: 0.802043  frequency: 39337
1816th: 8 { 7112 7092 7062 4438 4436 4432 4430 4426 }   support: 0.802023  frequency: 39336
1817th: 8 { 7112 7062 4438 4432 4426 4404 3404 188 }   support: 0.802023  frequency: 39336
1818th: 9 { 7102 7092 7062 4438 4436 4428 188 184 180 }   support: 0.802023  frequency: 39336
1819th: 8 { 7112 4438 4436 4426 4404 3404 184 180 }   support: 0.802023  frequency: 39336
1820th: 11 { 7092 7062 4438 4434 4432 4426 4404 3404 184 180 170 }   support: 0.802023  frequency: 39336
1821th: 9 { 7092 7062 4438 4436 4430 4428 4426 188 170 }   support: 0.802023  frequency: 39336
1822th: 8 { 4438 4434 4432 4430 4428 265 260 188 }   support: 0.802023  frequency: 39336
1823th: 10 { 7112 4940 4438 4436 4430 4428 4426 184 180 170 }   support: 0.802023  frequency: 39336
1824th: 8 { 7102 4940 4438 4434 4432 4430 4428 4426 }   support: 0.802023  frequency: 39336
1825th: 7 { 7112 4438 4430 4428 4404 3404 188 }   support: 0.802023  frequency: 39336
1826th: 9 { 7092 7062 4940 4438 4434 4432 4404 3404 188 }   support: 0.802023  frequency: 39336
1827th: 10 { 7092 7062 4940 4438 4434 4428 4426 4404 3404 170 }   support: 0.802023  frequency: 39336
1828th: 8 { 7092 4438 4436 4404 3404 265 260 188 }   support: 0.802023  frequency: 39336
1829th: 8 { 7102 7092 7062 4940 4438 4428 188 170 }   support: 0.802023  frequency: 39336
1830th: 9 { 4438 4436 4432 4426 4404 3404 188 184 180 }   support: 0.802002  frequency: 39335
1831th: 10 { 7112 7092 4438 4434 4432 4426 188 184 180 170 }   support: 0.802002  frequency: 39335
1832th: 10 { 4940 4438 4436 4434 4404 3404 188 184 180 170 }   support: 0.802002  frequency: 39335
1833th: 9 { 7092 7062 4438 4404 3404 184 180 170 17 }   support: 0.802002  frequency: 39335
1834th: 9 { 7092 4940 4438 4430 4428 4404 3404 184 180 }   support: 0.802002  frequency: 39335
1835th: 8 { 7112 7092 4438 4434 4432 4404 3404 170 }   support: 0.802002  frequency: 39335
1836th: 12 { 7112 7062 4440 4438 4436 4434 4432 4430 4428 4426 4414 170 }   support: 0.802002  frequency: 39335
1837th: 8 { 7112 7102 7092 7062 4438 4436 4434 4432 }   support: 0.802002  frequency: 39335
1838th: 11 { 7092 7062 4438 4434 4432 4426 265 260 184 180 170 }   support: 0.801982  frequency: 39334
1839th: 7 { 7112 7102 7062 4438 4436 4428 188 }   support: 0.801982  frequency: 39334
1840th: 9 { 4438 4434 4432 4426 4404 3404 265 260 188 }   support: 0.801982  frequency: 39334
1841th: 6 { 7082 4940 4438 4436 4432 170 }   support: 0.801982  frequency: 39334
1842th: 10 { 4940 4438 4436 4432 4428 4404 3404 184 180 170 }   support: 0.801982  frequency: 39334
1843th: 9 { 7112 7062 4438 4434 4432 4430 4428 4426 188 }   support: 0.801982  frequency: 39334
1844th: 11 { 7092 7062 4438 4436 4434 4432 4426 188 184 180 170 }   support: 0.801982  frequency: 39334
1845th: 8 { 7112 7092 7062 4438 4434 4432 4404 3404 }   support: 0.801982  frequency: 39334
1846th: 8 { 7102 7062 4438 4434 4432 4404 3404 170 }   support: 0.801982  frequency: 39334
1847th: 8 { 7092 7062 4438 4432 188 184 180 17 }   support: 0.801982  frequency: 39334
1848th: 10 { 7112 7062 4438 4434 4428 4426 265 260 184 180 }   support: 0.801982  frequency: 39334
1849th: 8 { 7062 4438 4432 265 260 184 180 17 }   support: 0.801982  frequency: 39334
1850th: 10 { 4940 4438 4436 4432 4428 265 260 184 180 170 }   support: 0.801961  frequency: 39333
1851th: 8 { 7112 7092 4940 4438 4430 4428 188 170 }   support: 0.801961  frequency: 39333
1852th: 8 { 7082 7062 4438 4436 4428 4426 184 180 }   support: 0.801961  frequency: 39333
1853th: 10 { 7112 7092 7062 4940 4438 4434 4432 188 184 180 }   support: 0.801961  frequency: 39333
1854th: 11 { 7092 4438 4434 4432 4428 4426 265 260 184 180 170 }   support: 0.801961  frequency: 39333
1855th: 9 { 7112 7102 7092 7062 4438 4426 184 180 170 }   support: 0.801941  frequency: 39332
1856th: 5 { 4940 4438 4436 4432 17 }   support: 0.801941  frequency: 39332
1857th: 8 { 7082 7062 4438 4432 4428 184 180 170 }   support: 0.801941  frequency: 39332
1858th: 8 { 7102 7062 4940 4438 4436 4430 4426 170 }   support: 0.801941  frequency: 39332
1859th: 11 { 7102 7062 4940 4438 4436 4432 4428 4426 184 180 170 }   support: 0.801941  frequency: 39332
1860th: 9 { 7112 7062 4940 4438 4432 4428 4404 3404 170 }   support: 0.801941  frequency: 39332
1861th: 8 { 7092 7062 4438 4428 4426 188 170 17 }   support: 0.801941  frequency: 39332
1862th: 7 { 7062 4438 4432 4430 4428 170 17 }   support: 0.801941  frequency: 39332
1863th: 7 { 7112 7102 4940 4438 188 184 180 }   support: 0.801941  frequency: 39332
1864th: 8 { 4438 4428 4404 3404 3403 188 184 180 }   support: 0.801941  frequency: 39332
1865th: 7 { 4940 4438 4434 4430 265 260 188 }   support: 0.801941  frequency: 39332
1866th: 8 { 7102 7092 4438 4436 4434 4428 188 170 }   support: 0.801921  frequency: 39331
1867th: 9 { 7102 7092 4438 4434 4432 4430 4428 184 180 }   support: 0.801921  frequency: 39331
1868th: 10 { 7102 7092 4438 4436 4434 4432 4428 4426 184 180 }   support: 0.801921  frequency: 39331
1869th: 10 { 7112 7062 4940 4438 4436 4432 4430 4428 184 180 }   support: 0.801921  frequency: 39331
1870th: 10 { 7062 4940 4438 4434 4426 265 260 188 184 180 }   support: 0.801921  frequency: 39331
1871th: 9 { 4438 4432 4430 4426 4404 3404 188 184 180 }   support: 0.801921  frequency: 39331
1872th: 11 { 7062 4940 4438 4434 4432 265 260 188 184 180 170 }   support: 0.801921  frequency: 39331
1873th: 7 { 7082 7062 4438 4436 4434 4432 4428 }   support: 0.801921  frequency: 39331
1874th: 6 { 7062 4438 4436 4426 188 17 }   support: 0.801921  frequency: 39331
1875th: 4 { 4438 4436 4430 17 }   support: 0.801921  frequency: 39331
1876th: 10 { 7102 7062 4940 4438 4434 4428 188 184 180 170 }   support: 0.801921  frequency: 39331
1877th: 10 { 7092 4940 4438 4434 4432 4428 265 260 184 180 }   support: 0.801921  frequency: 39331
1878th: 7 { 7102 4940 4438 4434 4404 3404 170 }   support: 0.801921  frequency: 39331
1879th: 6 { 7102 4940 4438 4426 265 260 }   support: 0.801921  frequency: 39331
1880th: 9 { 7102 4438 4436 4432 4426 188 184 180 170 }   support: 0.801921  frequency: 39331
1881th: 10 { 7112 7062 4940 4438 4436 4426 188 184 180 170 }   support: 0.801921  frequency: 39331
1882th: 7 { 7102 7092 7062 4438 4428 265 260 }   support: 0.8019  frequency: 39330
1883th: 7 { 7112 7092 4438 184 180 170 17 }   support: 0.8019  frequency: 39330
1884th: 9 { 7092 7062 4940 4438 4436 4428 4404 3404 170 }   support: 0.8019  frequency: 39330
1885th: 5 { 7112 7082 7062 4438 4428 }   support: 0.8019  frequency: 39330
1886th: 8 { 7112 4438 4434 4432 4428 4404 3404 188 }   support: 0.8019  frequency: 39330
1887th: 8 { 7102 7092 7062 4438 265 260 184 180 }   support: 0.8019  frequency: 39330
1888th: 9 { 7112 7102 7092 4438 4434 4432 184 180 170 }   support: 0.8019  frequency: 39330
1889th: 11 { 7092 7062 4438 4432 4428 265 260 188 184 180 170 }   support: 0.8019  frequency: 39330
1890th: 6 { 7102 7082 4940 4438 4436 170 }   support: 0.8019  frequency: 39330
1891th: 9 { 7062 4438 4432 4404 3404 184 180 170 17 }   support: 0.8019  frequency: 39330
1892th: 8 { 4438 4432 4430 4404 3404 265 260 188 }   support: 0.8019  frequency: 39330
1893th: 8 { 7112 7062 4940 4438 4432 4404 3404 188 }   support: 0.8019  frequency: 39330
1894th: 10 { 7112 7092 7062 4438 4434 4404 3404 184 180 170 }   support: 0.80188  frequency: 39329
1895th: 8 { 7062 4940 4428 4426 188 184 180 17 }   support: 0.80188  frequency: 39329
1896th: 8 { 4438 4434 4428 4404 3404 184 180 17 }   support: 0.80188  frequency: 39329
1897th: 10 { 7112 7092 7062 4940 4438 4404 3404 184 180 170 }   support: 0.80188  frequency: 39329
1898th: 9 { 7102 7062 4438 4432 4404 3404 184 180 170 }   support: 0.80188  frequency: 39329
1899th: 11 { 7062 4940 4438 4432 4428 4426 4404 3404 188 184 180 }   support: 0.801859  frequency: 39328
1900th: 10 { 7102 7092 7062 4940 4438 4436 4426 184 180 170 }   support: 0.801859  frequency: 39328
1901th: 9 { 7092 4940 4438 4430 4428 265 260 184 180 }   support: 0.801859  frequency: 39328
1902th: 8 { 7092 4438 4434 4426 184 180 170 17 }   support: 0.801859  frequency: 39328
1903th: 10 { 7092 4438 4428 4426 4404 3404 265 260 188 170 }   support: 0.801859  frequency: 39328
1904th: 10 { 7112 7062 4438 4436 4432 4428 4426 188 184 180 }   support: 0.801859  frequency: 39328
1905th: 10 { 7112 7092 4940 4438 4432 4430 4428 4426 184 180 }   support: 0.801859  frequency: 39328
1906th: 11 { 7062 4438 4436 4434 4430 4428 4426 188 184 180 170 }   support: 0.801859  frequency: 39328
1907th: 8 { 7112 7062 4438 4436 4426 4404 3404 170 }   support: 0.801859  frequency: 39328
1908th: 11 { 7112 7092 7062 4438 4436 4434 4432 4426 184 180 170 }   support: 0.801859  frequency: 39328
1909th: 7 { 4430 4428 188 184 180 170 17 }   support: 0.801859  frequency: 39328
1910th: 9 { 4438 4432 4428 4426 188 184 180 170 17 }   support: 0.801839  frequency: 39327
1911th: 10 { 7112 7062 4438 4434 4428 4426 4404 3404 184 180 }   support: 0.801839  frequency: 39327
1912th: 7 { 4940 4438 4430 4426 265 260 188 }   support: 0.801839  frequency: 39327
1913th: 10 { 7092 4438 4434 4426 265 260 188 184 180 170 }   support: 0.801839  frequency: 39327
1914th: 9 { 7112 7062 4438 4436 4434 265 260 184 180 }   support: 0.801839  frequency: 39327
1915th: 6 { 7092 7082 4438 4426 184 180 }   support: 0.801839  frequency: 39327
1916th: 5 { 7112 4438 4434 4432 17 }   support: 0.801839  frequency: 39327
1917th: 9 { 7112 7062 4438 4432 4404 3404 265 260 170 }   support: 0.801839  frequency: 39327
1918th: 9 { 7112 7092 7062 4940 4438 4432 4428 4426 188 }   support: 0.801819  frequency: 39326
1919th: 11 { 7102 4440 4438 4436 4434 4432 4430 4428 4426 4414 170 }   support: 0.801819  frequency: 39326
1920th: 9 { 4940 4438 4436 4432 4404 3404 188 184 180 }   support: 0.801819  frequency: 39326
1921th: 7 { 7092 7062 4940 4438 4428 188 17 }   support: 0.801819  frequency: 39326
1922th: 10 { 7112 7092 4940 4438 4434 4432 4430 4428 184 180 }   support: 0.801798  frequency: 39325
1923th: 8 { 7112 7092 4940 4438 4436 4434 188 170 }   support: 0.801798  frequency: 39325
1924th: 5 { 7082 7062 4438 4434 188 }   support: 0.801798  frequency: 39325
1925th: 6 { 4940 4438 4434 4432 4426 17 }   support: 0.801798  frequency: 39325
1926th: 10 { 7092 7062 4940 4438 4434 4428 4426 265 260 170 }   support: 0.801778  frequency: 39324
1927th: 9 { 7112 7092 4940 4438 4432 4428 4426 188 170 }   support: 0.801778  frequency: 39324
1928th: 8 { 7112 4438 4436 4428 4426 265 260 170 }   support: 0.801778  frequency: 39324
1929th: 9 { 7102 7092 7062 4438 4434 4432 4430 4428 170 }   support: 0.801778  frequency: 39324
1930th: 9 { 7112 7092 4438 4428 4404 3404 188 184 180 }   support: 0.801778  frequency: 39324
1931th: 10 { 7092 7062 4940 4438 4436 4432 4430 4428 4426 170 }   support: 0.801778  frequency: 39324
1932th: 8 { 7112 4940 4438 4434 4428 4426 265 260 }   support: 0.801778  frequency: 39324
1933th: 10 { 7092 7062 4438 4436 4434 4428 4404 3404 184 180 }   support: 0.801758  frequency: 39323
1934th: 11 { 7062 4438 4434 4432 4426 265 260 188 184 180 170 }   support: 0.801758  frequency: 39323
1935th: 8 { 7112 7102 7062 4940 4438 4436 4432 4428 }   support: 0.801758  frequency: 39323
1936th: 8 { 4940 4438 4436 4434 4430 4426 188 170 }   support: 0.801758  frequency: 39323
1937th: 5 { 4940 4438 4430 188 17 }   support: 0.801758  frequency: 39323
1938th: 7 { 7112 4940 4438 4436 4428 4404 3404 }   support: 0.801758  frequency: 39323
1939th: 7 { 7092 7062 4438 4436 4430 265 260 }   support: 0.801737  frequency: 39322
1940th: 9 { 7102 7062 4940 4438 4436 4434 4430 4428 170 }   support: 0.801737  frequency: 39322
1941th: 8 { 4940 4438 4434 4430 4428 4404 3404 188 }   support: 0.801737  frequency: 39322
1942th: 6 { 7102 7092 4438 4432 4404 3404 }   support: 0.801737  frequency: 39322
1943th: 10 { 4940 4438 4434 4428 4426 265 260 188 184 180 }   support: 0.801737  frequency: 39322
1944th: 7 { 7092 7082 7062 4438 4436 4428 170 }   support: 0.801737  frequency: 39322
1945th: 7 { 4940 4438 4430 184 180 170 17 }   support: 0.801737  frequency: 39322
1946th: 7 { 7062 4940 4432 4426 184 180 17 }   support: 0.801737  frequency: 39322
1947th: 7 { 7062 4438 4434 4430 184 180 17 }   support: 0.801737  frequency: 39322
1948th: 8 { 7102 7092 7062 4438 4434 4432 4428 188 }   support: 0.801717  frequency: 39321
1949th: 9 { 7062 4438 4436 4432 4426 4404 3404 188 170 }   support: 0.801717  frequency: 39321
1950th: 7 { 7112 7102 7062 4438 4428 4426 188 }   support: 0.801717  frequency: 39321
1951th: 7 { 7112 7062 4940 4438 4430 265 260 }   support: 0.801717  frequency: 39321
1952th: 9 { 7092 4430 4428 4404 3404 188 184 180 170 }   support: 0.801717  frequency: 39321
1953th: 10 { 7102 7062 4940 4438 4430 4428 4426 184 180 170 }   support: 0.801717  frequency: 39321
1954th: 9 { 7092 4438 4432 4428 4404 3404 265 260 188 }   support: 0.801717  frequency: 39321
1955th: 11 { 7092 4438 4434 4428 4426 4404 3404 188 184 180 170 }   support: 0.801717  frequency: 39321
1956th: 9 { 7102 7092 7062 4438 4434 4432 188 184 180 }   support: 0.801717  frequency: 39321
1957th: 6 { 7092 4940 4438 4434 188 17 }   support: 0.801696  frequency: 39320
1958th: 11 { 7062 4438 4436 4432 4428 4426 265 260 184 180 170 }   support: 0.801696  frequency: 39320
1959th: 11 { 7092 4438 4432 4428 4404 3404 265 260 184 180 170 }   support: 0.801696  frequency: 39320
1960th: 6 { 7092 7062 4438 4430 170 17 }   support: 0.801696  frequency: 39320
1961th: 7 { 7092 7062 4940 4438 4432 170 17 }   support: 0.801696  frequency: 39320
1962th: 10 { 7092 7062 4438 4436 4434 4428 265 260 184 180 }   support: 0.801696  frequency: 39320
1963th: 11 { 7062 4438 4434 4430 4428 4426 4404 3404 184 180 170 }   support: 0.801696  frequency: 39320
1964th: 8 { 4438 4432 4404 3404 3403 184 180 170 }   support: 0.801696  frequency: 39320
1965th: 8 { 7102 4438 4436 4428 4404 3404 184 180 }   support: 0.801696  frequency: 39320
1966th: 6 { 7092 4438 4434 4426 188 17 }   support: 0.801696  frequency: 39320
1967th: 6 { 7102 7092 7082 7062 4438 170 }   support: 0.801696  frequency: 39320
1968th: 8 { 7062 4940 4432 188 184 180 170 17 }   support: 0.801696  frequency: 39320
1969th: 10 { 7092 7062 4438 4436 4428 4426 265 260 184 180 }   support: 0.801696  frequency: 39320
1970th: 6 { 7092 7062 4404 3404 3403 170 }   support: 0.801696  frequency: 39320
1971th: 11 { 4438 4434 4432 4428 4426 265 260 188 184 180 170 }   support: 0.801696  frequency: 39320
1972th: 10 { 7092 4438 4432 4430 4428 265 260 184 180 170 }   support: 0.801676  frequency: 39319
1973th: 8 { 7092 7062 4438 4436 4432 4426 265 260 }   support: 0.801676  frequency: 39319
1974th: 11 { 7062 4438 4436 4432 4428 4426 4404 3404 184 180 170 }   support: 0.801676  frequency: 39319
1975th: 8 { 7082 7062 4438 4436 4434 4432 184 180 }   support: 0.801676  frequency: 39319
1976th: 9 { 7112 7062 4438 4436 4434 4432 4426 188 170 }   support: 0.801676  frequency: 39319
1977th: 6 { 7102 7082 4438 4428 4426 170 }   support: 0.801676  frequency: 39319
1978th: 6 { 4940 4438 4436 188 170 17 }   support: 0.801676  frequency: 39319
1979th: 10 { 4438 4430 4428 4426 265 260 188 184 180 170 }   support: 0.801676  frequency: 39319
1980th: 9 { 7062 4438 4432 4430 4426 4404 3404 188 170 }   support: 0.801676  frequency: 39319
1981th: 8 { 7102 7062 4940 4438 4404 3404 184 180 }   support: 0.801676  frequency: 39319
1982th: 7 { 7102 4438 4436 4434 4432 265 260 }   support: 0.801656  frequency: 39318
1983th: 9 { 4940 4438 4434 4432 4404 3404 265 260 188 }   support: 0.801656  frequency: 39318
1984th: 8 { 7112 7102 7062 4940 4438 4436 4426 170 }   support: 0.801656  frequency: 39318
1985th: 6 { 7092 4438 4436 4428 170 17 }   support: 0.801656  frequency: 39318
1986th: 6 { 7092 4438 4430 4428 170 17 }   support: 0.801656  frequency: 39318
1987th: 8 { 7102 7092 7062 4438 4432 4430 4426 170 }   support: 0.801656  frequency: 39318
1988th: 6 { 7092 7082 7062 4940 4438 170 }   support: 0.801656  frequency: 39318
1989th: 10 { 7092 4940 4438 4434 4432 4430 4428 188 184 180 }   support: 0.801656  frequency: 39318
1990th: 10 { 4438 4436 4434 4426 4404 3404 188 184 180 170 }   support: 0.801656  frequency: 39318
1991th: 7 { 7102 4940 4438 4436 4432 4430 4426 }   support: 0.801635  frequency: 39317
1992th: 5 { 4430 4426 188 170 17 }   support: 0.801635  frequency: 39317
1993th: 8 { 7062 4940 4430 4404 3404 265 260 170 }   support: 0.801635  frequency: 39317
1994th: 9 { 7062 4940 4438 4434 4432 4430 4404 3404 170 }   support: 0.801635  frequency: 39317
1995th: 9 { 4940 4438 4436 4434 4426 4404 3404 184 180 }   support: 0.801635  frequency: 39317
1996th: 10 { 7102 7092 7062 4438 4436 4434 4432 4428 4426 170 }   support: 0.801635  frequency: 39317
1997th: 9 { 7062 4438 4428 4426 4404 3404 184 180 17 }   support: 0.801635  frequency: 39317
1998th: 8 { 7062 4438 4436 4426 184 180 170 17 }   support: 0.801635  frequency: 39317
1999th: 9 { 7092 7062 4432 4430 4428 4404 3404 184 180 }   support: 0.801615  frequency: 39316
2000th: 9 { 7112 7092 7062 4438 4432 4430 188 184 180 }   support: 0.801615  frequency: 39316
2001th: 8 { 7112 7062 4438 4436 4428 4426 265 260 }   support: 0.801615  frequency: 39316
2002th: 8 { 7102 4940 4438 4432 4426 188 184 180 }   support: 0.801615  frequency: 39316
2003th: 7 { 7082 4438 4436 4434 4426 184 180 }   support: 0.801615  frequency: 39316
2004th: 11 { 7062 4438 4432 4430 4428 4404 3404 188 184 180 170 }   support: 0.801615  frequency: 39316
2005th: 6 { 4438 4430 4428 4426 188 17 }   support: 0.801615  frequency: 39316
2006th: 10 { 4940 4438 4436 4434 4432 265 260 184 180 170 }   support: 0.801615  frequency: 39316
2007th: 9 { 7092 7062 4940 4426 265 260 188 184 180 }   support: 0.801615  frequency: 39316
2008th: 7 { 7062 4426 4404 3404 3403 184 180 }   support: 0.801615  frequency: 39316
2009th: 10 { 7102 7092 7062 4438 4432 4430 4428 184 180 170 }   support: 0.801615  frequency: 39316
2010th: 8 { 7112 7062 4940 4438 4434 4426 265 260 }   support: 0.801615  frequency: 39316
2011th: 7 { 7112 4940 4438 4430 4404 3404 170 }   support: 0.801615  frequency: 39316
2012th: 9 { 7102 7092 7062 4940 4438 4434 4432 4428 4426 }   support: 0.801615  frequency: 39316
2013th: 8 { 7112 7102 4940 4438 4436 4428 4426 170 }   support: 0.801615  frequency: 39316
2014th: 7 { 4940 265 260 188 184 180 17 }   support: 0.801594  frequency: 39315
2015th: 6 { 4438 4434 4426 265 260 17 }   support: 0.801594  frequency: 39315
2016th: 9 { 7112 4438 4434 4432 4404 3404 188 184 180 }   support: 0.801594  frequency: 39315
2017th: 6 { 7112 7082 7062 4438 4436 170 }   support: 0.801594  frequency: 39315
2018th: 8 { 7112 4940 4438 4434 4428 4426 4404 3404 }   support: 0.801594  frequency: 39315
2019th: 9 { 7102 7092 4940 4438 4434 4432 4426 184 180 }   support: 0.801594  frequency: 39315
2020th: 6 { 7102 4438 4432 265 260 188 }   support: 0.801594  frequency: 39315
2021th: 10 { 7102 7092 4940 4438 4436 4428 4426 184 180 170 }   support: 0.801594  frequency: 39315
2022th: 9 { 7102 7092 7062 4940 4438 4430 184 180 170 }   support: 0.801594  frequency: 39315
2023th: 10 { 7102 7062 4438 4436 4434 4430 4426 184 180 170 }   support: 0.801574  frequency: 39314
2024th: 9 { 7062 4940 4438 4434 4432 4430 265 260 170 }   support: 0.801574  frequency: 39314
2025th: 8 { 7112 7062 4438 4436 4434 4428 265 260 }   support: 0.801574  frequency: 39314
2026th: 9 { 7112 7092 7062 4940 4438 4434 4432 4428 188 }   support: 0.801574  frequency: 39314
2027th: 10 { 7092 7062 4940 4428 4404 3404 265 260 184 180 }   support: 0.801574  frequency: 39314
2028th: 6 { 7112 7102 4940 4438 4432 4430 }   support: 0.801574  frequency: 39314
2029th: 5 { 4434 4432 4404 3404 3403 }   support: 0.801574  frequency: 39314
2030th: 8 { 7112 7102 7062 4438 4432 4430 4428 170 }   support: 0.801574  frequency: 39314
2031th: 10 { 4940 4438 4436 4434 4432 4404 3404 184 180 170 }   support: 0.801574  frequency: 39314
2032th: 10 { 7092 7062 4438 4436 4428 4426 4404 3404 184 180 }   support: 0.801554  frequency: 39313
2033th: 10 { 7092 4940 4438 4432 4430 4426 188 184 180 170 }   support: 0.801554  frequency: 39313
2034th: 9 { 7062 4940 4432 4426 4404 3404 265 260 170 }   support: 0.801554  frequency: 39313
2035th: 8 { 7102 4940 4438 4436 4430 4426 184 180 }   support: 0.801554  frequency: 39313
2036th: 8 { 7112 4940 4438 4434 4430 4428 4426 188 }   support: 0.801554  frequency: 39313
2037th: 9 { 7112 7092 4438 4430 4428 4426 188 184 180 }   support: 0.801554  frequency: 39313
2038th: 9 { 4940 4438 4404 3404 188 184 180 170 17 }   support: 0.801554  frequency: 39313
2039th: 9 { 7062 4438 4404 3404 265 260 184 180 17 }   support: 0.801554  frequency: 39313
2040th: 7 { 7092 4940 4432 4430 265 260 170 }   support: 0.801554  frequency: 39313
2041th: 9 { 7062 4940 4438 4436 4434 4426 4404 3404 170 }   support: 0.801554  frequency: 39313
2042th: 9 { 7062 4940 4438 4434 188 184 180 170 17 }   support: 0.801554  frequency: 39313
2043th: 9 { 7102 7092 4940 4438 4436 4434 4432 4428 170 }   support: 0.801533  frequency: 39312
2044th: 8 { 7092 4438 4436 4432 4426 265 260 170 }   support: 0.801533  frequency: 39312
2045th: 10 { 7092 4438 4432 4430 4428 4404 3404 184 180 170 }   support: 0.801533  frequency: 39312
2046th: 10 { 7092 7062 4940 4438 4432 4428 4426 4404 3404 170 }   support: 0.801533  frequency: 39312
2047th: 6 { 7112 4428 188 184 180 17 }   support: 0.801533  frequency: 39312
2048th: 9 { 7112 7092 4940 4438 4436 4430 184 180 170 }   support: 0.801533  frequency: 39312
2049th: 9 { 7112 7062 4940 4438 4436 4434 4430 4428 4426 }   support: 0.801533  frequency: 39312
2050th: 9 { 7102 7092 7062 4940 4438 4436 4434 4426 170 }   support: 0.801533  frequency: 39312
2051th: 9 { 7112 7062 4940 4438 4436 4434 4432 188 170 }   support: 0.801533  frequency: 39312
2052th: 9 { 4438 4434 4430 4428 4426 4404 3404 188 170 }   support: 0.801533  frequency: 39312
2053th: 8 { 7102 4438 4436 4430 188 184 180 170 }   support: 0.801533  frequency: 39312
2054th: 8 { 7062 4434 4432 4426 184 180 170 17 }   support: 0.801533  frequency: 39312
2055th: 6 { 4438 4436 4432 188 170 17 }   support: 0.801513  frequency: 39311
2056th: 8 { 7112 7102 7092 7062 4940 4438 4434 170 }   support: 0.801513  frequency: 39311
2057th: 9 { 7092 7062 4438 4436 4430 4426 188 184 180 }   support: 0.801513  frequency: 39311
2058th: 7 { 7112 7092 4426 4404 3404 188 170 }   support: 0.801513  frequency: 39311
2059th: 6 { 4940 4438 4428 4404 3404 3403 }   support: 0.801513  frequency: 39311
2060th: 10 { 4940 4438 4436 4434 4430 4428 188 184 180 170 }   support: 0.801513  frequency: 39311
2061th: 7 { 7082 7062 4940 4438 4434 184 180 }   support: 0.801513  frequency: 39311
2062th: 9 { 4434 4432 4430 4404 3404 188 184 180 170 }   support: 0.801513  frequency: 39311
2063th: 10 { 7092 4438 4436 4428 4404 3404 188 184 180 170 }   support: 0.801513  frequency: 39311
2064th: 9 { 7092 7062 4430 4426 4404 3404 184 180 170 }   support: 0.801513  frequency: 39311
2065th: 8 { 7102 4438 4434 4432 4404 3404 184 180 }   support: 0.801513  frequency: 39311
2066th: 8 { 7112 7092 7062 4430 4428 4426 188 170 }   support: 0.801513  frequency: 39311
2067th: 7 { 7112 7102 4438 4428 4426 188 170 }   support: 0.801513  frequency: 39311
2068th: 10 { 7092 4940 4438 4436 4434 4430 4426 184 180 170 }   support: 0.801513  frequency: 39311
2069th: 10 { 4940 4438 4432 4428 4426 265 260 188 184 180 }   support: 0.801492  frequency: 39310
2070th: 14 { 7062 4940 4440 4438 4436 4434 4432 4430 4428 4426 4414 184 180 170 }   support: 0.801492  frequency: 39310
2071th: 5 { 4940 4438 4432 4430 17 }   support: 0.801492  frequency: 39310
2072th: 11 { 7092 7062 4940 4438 4432 4404 3404 188 184 180 170 }   support: 0.801492  frequency: 39310
2073th: 7 { 7082 7062 4438 4436 4434 4428 4426 }   support: 0.801492  frequency: 39310
2074th: 8 { 7062 4438 4434 4432 4428 188 170 17 }   support: 0.801492  frequency: 39310
2075th: 9 { 7092 7062 4430 4426 265 260 184 180 170 }   support: 0.801492  frequency: 39310
2076th: 7 { 7112 7062 4438 4426 184 180 17 }   support: 0.801492  frequency: 39310
2077th: 7 { 7092 4940 4432 4430 4404 3404 170 }   support: 0.801492  frequency: 39310
2078th: 7 { 4940 4434 4428 188 184 180 17 }   support: 0.801492  frequency: 39310
2079th: 8 { 7092 4940 4438 4434 4432 265 260 188 }   support: 0.801492  frequency: 39310
2080th: 11 { 7112 7092 4438 4436 4434 4432 4428 4426 184 180 170 }   support: 0.801472  frequency: 39309
2081th: 6 { 4940 4434 4432 188 170 17 }   support: 0.801472  frequency: 39309
2082th: 7 { 4438 4436 4434 188 184 180 17 }   support: 0.801472  frequency: 39309
2083th: 5 { 7092 4940 4432 188 17 }   support: 0.801472  frequency: 39309
2084th: 6 { 7092 4430 184 180 170 17 }   support: 0.801472  frequency: 39309
2085th: 7 { 7062 4438 4428 4426 4404 3404 3403 }   support: 0.801472  frequency: 39309
2086th: 9 { 7112 7102 4438 4436 4432 4426 184 180 170 }   support: 0.801472  frequency: 39309
2087th: 10 { 7112 7062 4438 4434 4430 4426 188 184 180 170 }   support: 0.801472  frequency: 39309
2088th: 9 { 7112 7092 4438 4434 4430 188 184 180 170 }   support: 0.801452  frequency: 39308
2089th: 8 { 7062 4940 265 260 184 180 170 17 }   support: 0.801452  frequency: 39308
2090th: 9 { 7092 4940 4428 4426 265 260 188 184 180 }   support: 0.801452  frequency: 39308
2091th: 8 { 4438 4432 4428 4404 3404 184 180 17 }   support: 0.801452  frequency: 39308
2092th: 5 { 7082 4438 4434 188 170 }   support: 0.801452  frequency: 39308
2093th: 8 { 7102 7092 4438 4436 4430 4428 4426 170 }   support: 0.801452  frequency: 39308
2094th: 8 { 7102 7092 7062 4940 4438 4434 188 170 }   support: 0.801452  frequency: 39308
2095th: 8 { 7092 4438 4432 4430 4404 3404 188 170 }   support: 0.801452  frequency: 39308
2096th: 8 { 4404 3404 265 260 188 184 180 17 }   support: 0.801452  frequency: 39308
2097th: 9 { 7112 7062 4438 4428 4426 4404 3404 265 260 }   support: 0.801431  frequency: 39307
2098th: 11 { 7092 7062 4940 4438 4436 4434 4432 4430 184 180 170 }   support: 0.801431  frequency: 39307
2099th: 6 { 7112 7082 4438 4436 184 180 }   support: 0.801431  frequency: 39307
2100th: 5 { 7092 4438 4436 4426 17 }   support: 0.801431  frequency: 39307
2101th: 10 { 7112 4940 4438 4436 4428 4426 188 184 180 170 }   support: 0.801431  frequency: 39307
2102th: 7 { 7102 7062 4940 4438 4434 4404 3404 }   support: 0.801431  frequency: 39307
2103th: 10 { 7092 4940 4438 4432 265 260 188 184 180 170 }   support: 0.801431  frequency: 39307
2104th: 7 { 7062 4438 4436 4434 4428 170 17 }   support: 0.801431  frequency: 39307
2105th: 11 { 7062 4438 4434 4430 4428 4426 265 260 184 180 170 }   support: 0.801431  frequency: 39307
2106th: 7 { 7112 7062 4430 4428 4426 265 260 }   support: 0.801431  frequency: 39307
2107th: 9 { 7112 4940 4438 4436 4434 4432 4430 4428 170 }   support: 0.801431  frequency: 39307
2108th: 8 { 4434 4430 4426 4404 3404 188 184 180 }   support: 0.801431  frequency: 39307
2109th: 10 { 4438 4436 4434 4432 4426 4404 3404 184 180 170 }   support: 0.801431  frequency: 39307
2110th: 7 { 7102 7092 4940 4438 4434 4432 4430 }   support: 0.801431  frequency: 39307
2111th: 10 { 7092 7062 4940 4438 4432 4428 4426 265 260 170 }   support: 0.801411  frequency: 39306
2112th: 8 { 7102 7092 7062 4438 4434 4428 4426 188 }   support: 0.801411  frequency: 39306
2113th: 4 { 7082 4438 4426 188 }   support: 0.801411  frequency: 39306
2114th: 5 { 7112 4438 4432 188 17 }   support: 0.801411  frequency: 39306
2115th: 12 { 7112 4440 4438 4436 4434 4432 4430 4428 4426 4414 184 180 }   support: 0.801411  frequency: 39306
2116th: 8 { 7092 7062 4438 4434 4432 184 180 17 }   support: 0.801411  frequency: 39306
2117th: 7 { 7102 7082 4438 4436 4434 4428 170 }   support: 0.801411  frequency: 39306
2118th: 11 { 7092 7062 4428 4404 3404 265 260 188 184 180 170 }   support: 0.801411  frequency: 39306
2119th: 10 { 4438 4436 4434 4432 4426 265 260 184 180 170 }   support: 0.801411  frequency: 39306
2120th: 8 { 4940 4438 4436 4432 4430 4426 188 170 }   support: 0.801411  frequency: 39306
2121th: 9 { 7112 7062 4438 4436 4434 4404 3404 184 180 }   support: 0.801411  frequency: 39306
2122th: 8 { 7112 7062 4940 4438 4434 4426 4404 3404 }   support: 0.801411  frequency: 39306
2123th: 9 { 7092 4438 4434 4432 4426 4404 3404 188 170 }   support: 0.801411  frequency: 39306
2124th: 10 { 7112 4940 4434 4432 4428 4426 188 184 180 170 }   support: 0.801391  frequency: 39305
2125th: 7 { 7112 4430 4428 4426 4404 3404 170 }   support: 0.801391  frequency: 39305
2126th: 7 { 7112 4438 4432 184 180 170 17 }   support: 0.801391  frequency: 39305
2127th: 9 { 7092 7062 4438 4434 4428 184 180 170 17 }   support: 0.801391  frequency: 39305
2128th: 7 { 4940 4432 4428 188 184 180 17 }   support: 0.801391  frequency: 39305
2129th: 7 { 7092 7062 4940 4432 4430 265 260 }   support: 0.801391  frequency: 39305
2130th: 7 { 7062 4434 4428 4404 3404 170 17 }   support: 0.801391  frequency: 39305
2131th: 9 { 7102 4438 4434 4428 265 260 184 180 170 }   support: 0.801391  frequency: 39305
2132th: 10 { 7112 7062 4940 4438 4436 4430 4428 4426 184 180 }   support: 0.801391  frequency: 39305
2133th: 9 { 7112 7062 4438 4430 4428 265 260 184 180 }   support: 0.80137  frequency: 39304
2134th: 8 { 7112 4438 4436 4434 4428 265 260 170 }   support: 0.80137  frequency: 39304
2135th: 9 { 4940 4438 4436 4434 4426 265 260 184 180 }   support: 0.80137  frequency: 39304
2136th: 8 { 7092 7062 4438 4436 4432 4426 4404 3404 }   support: 0.80137  frequency: 39304
2137th: 8 { 7092 4404 3404 188 184 180 170 17 }   support: 0.80137  frequency: 39304
2138th: 8 { 7092 7062 4438 4432 4430 4404 3404 188 }   support: 0.80137  frequency: 39304
2139th: 8 { 7102 4940 4438 4436 4434 4432 188 170 }   support: 0.80137  frequency: 39304
2140th: 8 { 7112 7092 4940 4438 4404 3404 188 170 }   support: 0.80137  frequency: 39304
2141th: 8 { 7062 4438 4434 4404 3404 3403 184 180 }   support: 0.80137  frequency: 39304
2142th: 8 { 7112 4428 4404 3404 265 260 188 170 }   support: 0.80137  frequency: 39304
2143th: 9 { 7062 4438 4434 4430 4428 4426 4404 3404 188 }   support: 0.80137  frequency: 39304
2144th: 9 { 7112 7062 4438 4436 4430 4428 188 184 180 }   support: 0.80137  frequency: 39304
2145th: 7 { 7092 4438 4436 4430 265 260 170 }   support: 0.80135  frequency: 39303
2146th: 7 { 7062 4438 4434 4432 4404 3404 17 }   support: 0.80135  frequency: 39303
2147th: 8 { 7062 4940 4436 4434 4432 4430 4428 188 }   support: 0.80135  frequency: 39303
2148th: 7 { 7062 4940 4428 4404 3404 170 17 }   support: 0.80135  frequency: 39303
2149th: 8 { 7112 4438 4436 4434 4430 188 184 180 }   support: 0.80135  frequency: 39303
2150th: 9 { 7062 4940 4432 4428 4426 4404 3404 265 260 }   support: 0.80135  frequency: 39303
2151th: 10 { 7092 4426 4404 3404 265 260 188 184 180 170 }   support: 0.80135  frequency: 39303
2152th: 7 { 7102 7092 4438 4434 265 260 170 }   support: 0.80135  frequency: 39303
2153th: 7 { 7082 7062 4940 4438 4436 4434 170 }   support: 0.80135  frequency: 39303
2154th: 6 { 4438 4436 4434 4426 170 17 }   support: 0.801329  frequency: 39302
2155th: 5 { 7062 4432 4430 188 17 }   support: 0.801329  frequency: 39302
2156th: 10 { 4940 4438 4434 4426 4404 3404 265 260 184 180 }   support: 0.801329  frequency: 39302
2157th: 7 { 7102 7092 7062 4940 4438 4430 4426 }   support: 0.801329  frequency: 39302
2158th: 9 { 7112 4432 4428 4404 3404 188 184 180 170 }   support: 0.801329  frequency: 39302
2159th: 7 { 7112 7102 7062 4438 4434 4432 188 }   support: 0.801329  frequency: 39302
2160th: 8 { 7112 4438 4436 4428 4426 4404 3404 170 }   support: 0.801329  frequency: 39302
2161th: 10 { 7062 4434 4426 4404 3404 265 260 188 184 180 }   support: 0.801329  frequency: 39302
2162th: 7 { 7102 4438 4436 4426 265 260 170 }   support: 0.801329  frequency: 39302
2163th: 9 { 7102 4940 4438 4436 4432 4430 184 180 170 }   support: 0.801329  frequency: 39302
2164th: 9 { 7062 4434 4430 265 260 188 184 180 170 }   support: 0.801329  frequency: 39302
2165th: 8 { 7112 7102 7092 4438 4434 4428 4426 170 }   support: 0.801329  frequency: 39302
2166th: 8 { 7112 7092 7062 4428 4404 3404 188 170 }   support: 0.801329  frequency: 39302
2167th: 5 { 7112 7082 4438 4436 4434 }   support: 0.801329  frequency: 39302
2168th: 8 { 4438 4430 4428 4426 184 180 170 17 }   support: 0.801329  frequency: 39302
2169th: 6 { 4940 4428 4426 4404 3404 17 }   support: 0.801309  frequency: 39301
2170th: 10 { 7092 7062 4940 4428 4426 4404 3404 188 184 180 }   support: 0.801309  frequency: 39301
2171th: 9 { 7062 4940 4438 4436 4434 4426 265 260 170 }   support: 0.801309  frequency: 39301
2172th: 9 { 7112 7062 4404 3404 265 260 188 184 180 }   support: 0.801309  frequency: 39301
2173th: 9 { 7092 4940 4438 4436 4434 265 260 184 180 }   support: 0.801309  frequency: 39301
2174th: 9 { 7112 7092 7062 4940 4432 4430 4426 184 180 }   support: 0.801309  frequency: 39301
2175th: 9 { 4940 4438 4434 4432 4430 4404 3404 184 180 }   support: 0.801309  frequency: 39301
2176th: 5 { 7082 4438 4436 4434 188 }   support: 0.801309  frequency: 39301
2177th: 7 { 7112 7092 4438 4434 4430 4426 188 }   support: 0.801309  frequency: 39301
2178th: 7 { 7092 7062 4438 4436 4430 4404 3404 }   support: 0.801309  frequency: 39301
2179th: 10 { 4438 4432 4430 4404 3404 265 260 184 180 170 }   support: 0.801309  frequency: 39301
2180th: 9 { 7112 7062 4940 4438 4436 4432 4428 188 170 }   support: 0.801309  frequency: 39301
2181th: 10 { 7112 7092 7062 4940 4438 4436 4434 4432 4428 170 }   support: 0.801289  frequency: 39300
2182th: 8 { 7092 7062 4438 4432 4430 4426 265 260 }   support: 0.801289  frequency: 39300
2183th: 9 { 7112 4940 4432 4430 4428 188 184 180 170 }   support: 0.801289  frequency: 39300
2184th: 6 { 4438 4436 4428 4426 188 17 }   support: 0.801289  frequency: 39300
2185th: 9 { 7112 7102 7092 7062 4438 4434 4432 184 180 }   support: 0.801289  frequency: 39300
2186th: 7 { 7092 7062 4940 4432 4430 4404 3404 }   support: 0.801289  frequency: 39300
2187th: 8 { 7102 7092 7062 4438 4434 4426 188 170 }   support: 0.801289  frequency: 39300
2188th: 6 { 4436 4430 265 260 188 170 }   support: 0.801289  frequency: 39300
2189th: 9 { 7112 7092 7062 4438 4436 4428 4426 188 170 }   support: 0.801289  frequency: 39300
2190th: 8 { 7112 7102 7092 4438 4434 4432 4428 170 }   support: 0.801289  frequency: 39300
2191th: 9 { 7092 4940 4438 4436 4434 4404 3404 184 180 }   support: 0.801289  frequency: 39300
2192th: 8 { 7112 4940 4434 4432 265 260 184 180 }   support: 0.801268  frequency: 39299
2193th: 7 { 4436 4428 188 184 180 170 17 }   support: 0.801268  frequency: 39299
2194th: 7 { 7062 4940 4404 3404 3403 184 180 }   support: 0.801268  frequency: 39299
2195th: 10 { 7062 4940 4438 4436 4428 4404 3404 188 184 180 }   support: 0.801268  frequency: 39299
2196th: 6 { 7092 7082 7062 4940 4438 4436 }   support: 0.801268  frequency: 39299
2197th: 11 { 7062 4438 4436 4432 4430 4428 4426 188 184 180 170 }   support: 0.801268  frequency: 39299
2198th: 7 { 7102 4940 4438 4430 188 184 180 }   support: 0.801268  frequency: 39299
2199th: 8 { 4940 4432 4430 4404 3404 188 184 180 }   support: 0.801268  frequency: 39299
2200th: 10 { 7112 7062 4438 4432 4428 4426 265 260 184 180 }   support: 0.801268  frequency: 39299
2201th: 10 { 7092 4940 4438 4434 4428 4404 3404 188 184 180 }   support: 0.801268  frequency: 39299
2202th: 10 { 7092 7062 4940 4438 4434 4432 4428 4404 3404 170 }   support: 0.801268  frequency: 39299
2203th: 8 { 7092 4438 4436 4432 4428 4426 265 260 }   support: 0.801248  frequency: 39298
2204th: 9 { 4438 4436 4432 4428 4426 4404 3404 188 170 }   support: 0.801248  frequency: 39298
2205th: 7 { 7102 4438 4432 4404 3404 188 170 }   support: 0.801248  frequency: 39298
2206th: 7 { 7092 4438 4432 4428 188 170 17 }   support: 0.801248  frequency: 39298
2207th: 9 { 7092 7062 4940 4436 4434 4432 4428 188 170 }   support: 0.801248  frequency: 39298
2208th: 5 { 7092 4940 4438 4436 17 }   support: 0.801248  frequency: 39298
2209th: 9 { 7102 7062 4438 4404 3404 188 184 180 170 }   support: 0.801248  frequency: 39298
2210th: 7 { 7062 4432 4430 184 180 170 17 }   support: 0.801248  frequency: 39298
2211th: 8 { 7062 4940 4436 4434 4432 4428 4404 3404 }   support: 0.801248  frequency: 39298
2212th: 8 { 7092 4438 4436 4432 4426 4404 3404 170 }   support: 0.801248  frequency: 39298
2213th: 8 { 7112 7102 7062 4438 4436 188 184 180 }   support: 0.801248  frequency: 39298
2214th: 9 { 7062 4436 4434 4432 4426 4404 3404 184 180 }   support: 0.801248  frequency: 39298
2215th: 9 { 7112 7092 7062 4940 4438 4432 4426 188 170 }   support: 0.801248  frequency: 39298
2216th: 8 { 7092 4438 4432 4430 4426 265 260 170 }   support: 0.801248  frequency: 39298
2217th: 7 { 7062 4438 4434 4428 265 260 17 }   support: 0.801248  frequency: 39298
2218th: 9 { 7092 4940 4426 4404 3404 265 260 184 180 }   support: 0.801248  frequency: 39298
2219th: 7 { 7112 7102 4438 4436 4428 188 170 }   support: 0.801248  frequency: 39298
2220th: 9 { 7062 4438 4436 4432 4428 4426 4404 3404 188 }   support: 0.801248  frequency: 39298
2221th: 5 { 7112 7092 4438 188 17 }   support: 0.801227  frequency: 39297
2222th: 7 { 7112 7102 7062 4438 4426 188 170 }   support: 0.801227  frequency: 39297
2223th: 6 { 7062 4434 4430 4428 170 17 }   support: 0.801227  frequency: 39297
2224th: 7 { 7102 7062 4438 4436 4426 265 260 }   support: 0.801227  frequency: 39297
2225th: 11 { 4940 4438 4434 4432 4404 3404 265 260 184 180 170 }   support: 0.801227  frequency: 39297
2226th: 7 { 7112 7062 4940 4438 4436 4430 188 }   support: 0.801227  frequency: 39297
2227th: 8 { 7062 4940 4436 4428 265 260 188 170 }   support: 0.801227  frequency: 39297
2228th: 8 { 7102 7062 4438 4432 4428 4404 3404 170 }   support: 0.801227  frequency: 39297
2229th: 7 { 4434 4430 4404 3404 265 260 188 }   support: 0.801227  frequency: 39297
2230th: 7 { 4436 4430 4426 4404 3404 184 180 }   support: 0.801227  frequency: 39297
2231th: 8 { 7092 4940 4436 4404 3404 188 184 180 }   support: 0.801227  frequency: 39297
2232th: 9 { 7112 7092 7062 4438 4436 4434 4428 188 170 }   support: 0.801227  frequency: 39297
2233th: 8 { 7092 7062 4434 188 184 180 170 17 }   support: 0.801227  frequency: 39297
2234th: 9 { 7092 7062 4436 4432 4430 188 184 180 170 }   support: 0.801227  frequency: 39297
2235th: 9 { 7062 4940 4436 4434 4432 4404 3404 184 180 }   support: 0.801227  frequency: 39297
2236th: 8 { 7112 7062 4438 4436 4434 4428 4404 3404 }   support: 0.801227  frequency: 39297
2237th: 7 { 4438 4434 4430 4428 184 180 17 }   support: 0.801227  frequency: 39297
2238th: 7 { 7092 4940 4428 188 184 180 17 }   support: 0.801207  frequency: 39296
2239th: 7 { 7112 7092 4428 4404 3404 265 260 }   support: 0.801207  frequency: 39296
2240th: 8 { 7112 4940 4438 4432 4428 4426 265 260 }   support: 0.801207  frequency: 39296
2241th: 10 { 4940 4438 4436 4432 4430 4428 188 184 180 170 }   support: 0.801207  frequency: 39296
2242th: 7 { 7092 7062 4436 184 180 170 17 }   support: 0.801207  frequency: 39296
2243th: 10 { 7112 7092 7062 4940 4438 4434 4432 4430 4428 170 }   support: 0.801207  frequency: 39296
2244th: 7 { 7112 7102 7062 4940 4438 4430 170 }   support: 0.801207  frequency: 39296
2245th: 7 { 7112 7102 4940 4438 4430 184 180 }   support: 0.801207  frequency: 39296
2246th: 9 { 7062 4436 4434 4432 4428 4426 4404 3404 170 }   support: 0.801207  frequency: 39296
2247th: 8 { 7112 7102 7092 7062 4940 4438 4428 170 }   support: 0.801207  frequency: 39296
2248th: 11 { 7112 7092 7062 4438 4436 4434 4432 4428 4426 184 180 }   support: 0.801207  frequency: 39296
2249th: 6 { 4436 4432 4428 184 180 17 }   support: 0.801207  frequency: 39296
2250th: 7 { 7092 4434 4430 4404 3404 188 170 }   support: 0.801207  frequency: 39296
2251th: 9 { 4940 4438 4434 4432 4430 265 260 184 180 }   support: 0.801207  frequency: 39296
2252th: 9 { 7112 7092 4940 4438 4434 4432 4428 188 170 }   support: 0.801207  frequency: 39296
2253th: 8 { 7112 7062 4438 4436 4434 4430 188 170 }   support: 0.801187  frequency: 39295
2254th: 7 { 7112 7092 7062 4940 4436 4432 4430 }   support: 0.801187  frequency: 39295
2255th: 8 { 7062 4434 4430 4426 4404 3404 188 170 }   support: 0.801187  frequency: 39295
2256th: 9 { 7062 4940 4438 4436 4432 4404 3404 188 170 }   support: 0.801187  frequency: 39295
2257th: 8 { 7112 4940 4438 4432 4426 265 260 170 }   support: 0.801187  frequency: 39295
2258th: 8 { 7092 4438 4434 4430 4428 4426 265 260 }   support: 0.801187  frequency: 39295
2259th: 8 { 7092 4438 4434 4430 4428 4426 4404 3404 }   support: 0.801187  frequency: 39295
2260th: 6 { 7102 4940 4438 4434 4430 188 }   support: 0.801187  frequency: 39295
2261th: 7 { 7102 7082 7062 4438 4432 184 180 }   support: 0.801187  frequency: 39295
2262th: 9 { 7062 4940 4434 4428 4426 4404 3404 265 260 }   support: 0.801187  frequency: 39295
2263th: 9 { 7062 4940 4436 4434 4432 265 260 184 180 }   support: 0.801187  frequency: 39295
2264th: 8 { 7102 7062 4940 4438 4436 4426 188 170 }   support: 0.801187  frequency: 39295
2265th: 9 { 7112 4438 4436 4434 4432 4428 4426 188 170 }   support: 0.801187  frequency: 39295
2266th: 9 { 7092 7062 4940 4438 4430 4428 4404 3404 170 }   support: 0.801187  frequency: 39295
2267th: 7 { 4428 4426 4404 3404 3403 184 180 }   support: 0.801187  frequency: 39295
2268th: 7 { 7112 4432 4430 4404 3404 184 180 }   support: 0.801166  frequency: 39294
2269th: 10 { 7092 7062 4940 4438 4436 4434 4430 4426 184 180 }   support: 0.801166  frequency: 39294
2270th: 7 { 4430 4426 4404 3404 265 260 188 }   support: 0.801166  frequency: 39294
2271th: 9 { 7092 7062 4940 4438 4430 4428 265 260 170 }   support: 0.801166  frequency: 39294
2272th: 7 { 7112 7062 4432 4430 4428 265 260 }   support: 0.801166  frequency: 39294
2273th: 11 { 7062 4940 4438 4434 4432 4428 4404 3404 188 184 180 }   support: 0.801166  frequency: 39294
2274th: 5 { 4940 4432 265 260 17 }   support: 0.801166  frequency: 39294
2275th: 10 { 7092 7062 4434 4432 4430 4426 188 184 180 170 }   support: 0.801166  frequency: 39294
2276th: 8 { 7112 7092 4432 4428 265 260 184 180 }   support: 0.801166  frequency: 39294
2277th: 5 { 7112 7082 7062 4438 4434 }   support: 0.801166  frequency: 39294
2278th: 6 { 4436 4430 4404 3404 265 260 }   support: 0.801166  frequency: 39294
2279th: 9 { 7092 4434 4430 4428 4404 3404 184 180 170 }   support: 0.801166  frequency: 39294
2280th: 8 { 7112 4434 4432 4430 4426 188 184 180 }   support: 0.801166  frequency: 39294
2281th: 6 { 7112 4940 4436 4430 4428 188 }   support: 0.801166  frequency: 39294
2282th: 7 { 7112 7062 4940 4438 4430 4404 3404 }   support: 0.801146  frequency: 39293
2283th: 11 { 7092 4438 4436 4434 4432 4428 4426 188 184 180 170 }   support: 0.801146  frequency: 39293
2284th: 11 { 7092 4438 4434 4432 4430 4428 4426 188 184 180 170 }   support: 0.801146  frequency: 39293
2285th: 7 { 7112 7102 7092 4940 4438 4436 4428 }   support: 0.801146  frequency: 39293
2286th: 7 { 7092 7062 4438 4434 4428 188 17 }   support: 0.801146  frequency: 39293
2287th: 7 { 7062 4432 4428 4404 3404 170 17 }   support: 0.801146  frequency: 39293
2288th: 6 { 7112 7092 4940 4434 4430 188 }   support: 0.801146  frequency: 39293
2289th: 8 { 7112 7102 7092 7062 4438 4434 4426 170 }   support: 0.801146  frequency: 39293
2290th: 8 { 7112 7102 4438 4432 4430 4428 184 180 }   support: 0.801146  frequency: 39293
2291th: 10 { 7062 4940 4438 4436 4404 3404 265 260 184 180 }   support: 0.801146  frequency: 39293
2292th: 6 { 7062 4438 4436 4432 188 17 }   support: 0.801146  frequency: 39293
2293th: 10 { 7092 7062 4940 4438 4434 4432 4428 265 260 170 }   support: 0.801146  frequency: 39293
2294th: 9 { 7112 7092 7062 4438 265 260 188 184 180 }   support: 0.801146  frequency: 39293
2295th: 8 { 7112 7092 4438 4436 4434 4430 4426 170 }   support: 0.801146  frequency: 39293
2296th: 6 { 7092 4436 4430 4428 4404 3404 }   support: 0.801146  frequency: 39293
2297th: 9 { 7062 4940 4436 4434 4404 3404 188 184 180 }   support: 0.801125  frequency: 39292
2298th: 7 { 7112 7092 4940 4438 4432 4430 188 }   support: 0.801125  frequency: 39292
2299th: 9 { 7112 7062 4940 265 260 188 184 180 170 }   support: 0.801125  frequency: 39292
2300th: 10 { 4434 4428 4426 4404 3404 265 260 188 184 180 }   support: 0.801125  frequency: 39292
2301th: 6 { 7092 7062 4438 4436 4428 17 }   support: 0.801125  frequency: 39292
2302th: 9 { 7062 4434 4432 4430 4428 4426 4404 3404 170 }   support: 0.801125  frequency: 39292
2303th: 8 { 7062 4434 4428 4426 188 184 180 17 }   support: 0.801125  frequency: 39292
2304th: 9 { 7062 4436 4434 4432 4426 265 260 184 180 }   support: 0.801125  frequency: 39292
2305th: 8 { 7112 7062 4940 4438 4432 4430 4426 188 }   support: 0.801125  frequency: 39292
2306th: 9 { 7092 7062 4436 4404 3404 265 260 184 180 }   support: 0.801125  frequency: 39292
2307th: 8 { 4940 4430 4428 4404 3404 265 260 170 }   support: 0.801125  frequency: 39292
2308th: 9 { 4940 4434 4432 4428 4404 3404 265 260 170 }   support: 0.801105  frequency: 39291
2309th: 9 { 7112 7102 7092 7062 4438 4428 4426 184 180 }   support: 0.801105  frequency: 39291
2310th: 7 { 7062 4438 4432 4428 265 260 17 }   support: 0.801105  frequency: 39291
2311th: 7 { 7112 7102 7062 4940 4438 4430 4428 }   support: 0.801105  frequency: 39291
2312th: 7 { 7112 7062 4436 4432 4430 4428 188 }   support: 0.801105  frequency: 39291
2313th: 9 { 7062 4438 4432 4426 188 184 180 170 17 }   support: 0.801105  frequency: 39291
2314th: 7 { 7092 4436 4432 4430 4428 4426 188 }   support: 0.801105  frequency: 39291
2315th: 5 { 7102 7082 4940 4438 4428 }   support: 0.801105  frequency: 39291
2316th: 9 { 7102 7062 4940 4438 4436 4432 4430 184 180 }   support: 0.801105  frequency: 39291
2317th: 9 { 7092 7062 4438 4434 4432 4426 4404 3404 188 }   support: 0.801105  frequency: 39291
2318th: 6 { 7092 7062 4438 4430 4428 17 }   support: 0.801105  frequency: 39291
2319th: 8 { 7062 4940 4430 4428 265 260 188 170 }   support: 0.801105  frequency: 39291
2320th: 7 { 7092 7062 4434 4430 4404 3404 188 }   support: 0.801105  frequency: 39291
2321th: 10 { 7112 7092 7062 4438 4436 4432 4430 184 180 170 }   support: 0.801105  frequency: 39291
2322th: 10 { 7092 7062 4432 4428 4404 3404 265 260 184 180 }   support: 0.801105  frequency: 39291
2323th: 10 { 7112 7062 4940 4434 4432 4426 188 184 180 170 }   support: 0.801105  frequency: 39291
2324th: 8 { 4428 4426 4404 3404 188 184 180 17 }   support: 0.801105  frequency: 39291
2325th: 8 { 7102 7062 4940 4438 4436 4428 4426 188 }   support: 0.801105  frequency: 39291
2326th: 7 { 7102 7092 7062 4438 4434 265 260 }   support: 0.801105  frequency: 39291
2327th: 10 { 7102 7062 4940 4438 4436 4430 4428 184 180 170 }   support: 0.801105  frequency: 39291
2328th: 7 { 4438 4434 4432 4426 188 170 17 }   support: 0.801105  frequency: 39291
2329th: 5 { 4434 4432 4430 170 17 }   support: 0.801105  frequency: 39291
2330th: 10 { 7062 4434 4430 4428 4404 3404 188 184 180 170 }   support: 0.801085  frequency: 39290
2331th: 9 { 7062 4430 4426 265 260 188 184 180 170 }   support: 0.801085  frequency: 39290
2332th: 10 { 7062 4438 4428 4404 3404 188 184 180 170 17 }   support: 0.801085  frequency: 39290
2333th: 8 { 7112 4438 4436 4434 4428 4404 3404 170 }   support: 0.801085  frequency: 39290
2334th: 8 { 4940 4438 4436 4432 4428 4404 3404 188 }   support: 0.801085  frequency: 39290
2335th: 4 { 4430 265 260 17 }   support: 0.801085  frequency: 39290
2336th: 6 { 7112 4436 4434 4426 4404 3404 }   support: 0.801085  frequency: 39290
2337th: 8 { 7102 7092 4438 4434 4428 4426 188 170 }   support: 0.801085  frequency: 39290
2338th: 7 { 7102 4438 4436 4434 4430 188 170 }   support: 0.801085  frequency: 39290
2339th: 8 { 7112 7092 4438 4434 4404 3404 188 170 }   support: 0.801085  frequency: 39290
2340th: 9 { 7062 4940 4436 4430 4428 4426 188 184 180 }   support: 0.801085  frequency: 39290
2341th: 9 { 7062 4430 4428 4426 265 260 188 184 180 }   support: 0.801085  frequency: 39290
2342th: 9 { 7092 4940 4434 4430 4426 188 184 180 170 }   support: 0.801085  frequency: 39290
2343th: 9 { 7092 4438 4434 4432 4428 4426 4404 3404 188 }   support: 0.801085  frequency: 39290
2344th: 11 { 7062 4434 4432 4404 3404 265 260 188 184 180 170 }   support: 0.801085  frequency: 39290
2345th: 8 { 7062 4438 4436 4432 184 180 170 17 }   support: 0.801085  frequency: 39290
2346th: 8 { 4438 4436 4434 4432 4426 4404 3404 188 }   support: 0.801085  frequency: 39290
2347th: 8 { 7112 7092 4438 4436 265 260 184 180 }   support: 0.801085  frequency: 39290
2348th: 8 { 7112 7062 4438 4436 4428 4426 4404 3404 }   support: 0.801085  frequency: 39290
2349th: 7 { 7062 4432 4404 3404 3403 184 180 }   support: 0.801085  frequency: 39290
2350th: 8 { 7112 4940 4436 4434 4430 4428 4426 170 }   support: 0.801085  frequency: 39290
2351th: 7 { 7082 4940 4438 4436 4434 184 180 }   support: 0.801064  frequency: 39289
2352th: 9 { 7102 7092 4940 4438 4436 4434 4428 4426 170 }   support: 0.801064  frequency: 39289
2353th: 6 { 7092 7082 7062 4438 4426 170 }   support: 0.801064  frequency: 39289
2354th: 8 { 4940 4436 4434 4432 4428 4404 3404 170 }   support: 0.801064  frequency: 39289
2355th: 9 { 7112 7062 4940 4436 4428 4426 188 184 180 }   support: 0.801064  frequency: 39289
2356th: 6 { 7112 7062 4428 4426 170 17 }   support: 0.801064  frequency: 39289
2357th: 9 { 7092 4436 4432 4428 265 260 184 180 170 }   support: 0.801064  frequency: 39289
2358th: 10 { 7112 7062 4940 4438 4428 4426 265 260 184 180 }   support: 0.801064  frequency: 39289
2359th: 5 { 4432 4430 4428 188 17 }   support: 0.801064  frequency: 39289
2360th: 8 { 7092 4438 4432 4430 4426 4404 3404 170 }   support: 0.801064  frequency: 39289
2361th: 6 { 7102 7082 4438 4432 4428 170 }   support: 0.801064  frequency: 39289
2362th: 9 { 7102 4940 4438 4436 4434 4430 4428 184 180 }   support: 0.801064  frequency: 39289
2363th: 10 { 7062 4434 4432 4428 4426 265 260 188 184 180 }   support: 0.801064  frequency: 39289
2364th: 8 { 4940 4438 4434 4428 4426 184 180 17 }   support: 0.801064  frequency: 39289
2365th: 11 { 4438 4432 4426 4404 3404 265 260 188 184 180 170 }   support: 0.801064  frequency: 39289
2366th: 5 { 7102 4438 184 180 17 }   support: 0.801064  frequency: 39289
2367th: 7 { 7112 7062 4436 4430 4428 4426 188 }   support: 0.801064  frequency: 39289
2368th: 5 { 7112 7062 4434 4428 17 }   support: 0.801064  frequency: 39289
2369th: 11 { 4940 4438 4432 4404 3404 265 260 188 184 180 170 }   support: 0.801064  frequency: 39289
2370th: 9 { 7092 4434 4430 4428 265 260 184 180 170 }   support: 0.801044  frequency: 39288
2371th: 8 { 7062 4940 4436 4434 4432 4428 265 260 }   support: 0.801044  frequency: 39288
2372th: 8 { 7092 4438 4430 4428 4426 4404 3404 188 }   support: 0.801044  frequency: 39288
2373th: 9 { 7112 7062 4438 4434 4432 4404 3404 188 170 }   support: 0.801044  frequency: 39288
2374th: 8 { 4438 4436 4428 4426 184 180 170 17 }   support: 0.801044  frequency: 39288
2375th: 8 { 7062 4438 4436 4430 4404 3404 188 170 }   support: 0.801044  frequency: 39288
2376th: 10 { 4940 4428 4426 4404 3404 265 260 188 184 180 }   support: 0.801044  frequency: 39288
2377th: 7 { 7112 4940 4438 4430 4428 265 260 }   support: 0.801044  frequency: 39288
2378th: 7 { 7062 4940 4438 4428 265 260 17 }   support: 0.801044  frequency: 39288
2379th: 8 { 7102 4438 4432 4428 4404 3404 184 180 }   support: 0.801044  frequency: 39288
2380th: 9 { 7112 7092 7062 4432 4404 3404 184 180 170 }   support: 0.801044  frequency: 39288
2381th: 8 { 7092 7062 4438 4432 4430 4426 4404 3404 }   support: 0.801044  frequency: 39288
2382th: 8 { 7112 7102 7062 4940 4438 4432 4428 4426 }   support: 0.801044  frequency: 39288
2383th: 10 { 7062 4940 4438 4432 4426 265 260 188 184 180 }   support: 0.801044  frequency: 39288
2384th: 4 { 7082 4940 4438 188 }   support: 0.801024  frequency: 39287
2385th: 9 { 7102 7062 4438 4436 4434 4432 4430 4426 170 }   support: 0.801024  frequency: 39287
2386th: 10 { 7092 7062 4438 4432 4404 3404 265 260 188 170 }   support: 0.801024  frequency: 39287
2387th: 9 { 7112 7102 7062 4438 4436 4432 4426 184 180 }   support: 0.801024  frequency: 39287
2388th: 9 { 7092 7062 4940 4438 4436 4434 4432 4430 4426 }   support: 0.801024  frequency: 39287
2389th: 7 { 7112 7062 4430 4428 4426 4404 3404 }   support: 0.801024  frequency: 39287
2390th: 8 { 7092 4436 4434 4426 4404 3404 184 180 }   support: 0.801024  frequency: 39287
2391th: 7 { 7112 4432 4430 4428 265 260 170 }   support: 0.801024  frequency: 39287
2392th: 5 { 7112 4432 4428 170 17 }   support: 0.801024  frequency: 39287
2393th: 8 { 7092 4438 4436 4432 4428 4426 4404 3404 }   support: 0.801024  frequency: 39287
2394th: 6 { 7112 7092 4426 265 260 188 }   support: 0.801024  frequency: 39287
2395th: 10 { 7092 4940 4438 4436 4434 4432 4428 188 184 180 }   support: 0.801024  frequency: 39287
2396th: 10 { 7062 4438 4436 4426 4404 3404 265 260 184 180 }   support: 0.801024  frequency: 39287
2397th: 4 { 7092 4430 188 17 }   support: 0.801003  frequency: 39286
2398th: 10 { 7092 7062 4434 4428 4426 4404 3404 188 184 180 }   support: 0.801003  frequency: 39286
2399th: 8 { 7112 7092 7062 4434 4428 265 260 170 }   support: 0.801003  frequency: 39286
2400th: 7 { 7112 7102 4438 4436 4432 4430 4428 }   support: 0.801003  frequency: 39286
2401th: 10 { 7092 4940 4438 4436 4432 4430 4426 184 180 170 }   support: 0.801003  frequency: 39286
2402th: 5 { 7062 4434 4432 4430 17 }   support: 0.801003  frequency: 39286
2403th: 7 { 7102 7062 4438 4432 4404 3404 188 }   support: 0.801003  frequency: 39286
2404th: 4 { 7112 4940 4434 17 }   support: 0.800983  frequency: 39285
2405th: 7 { 7092 4430 4426 4404 3404 188 170 }   support: 0.800983  frequency: 39285
2406th: 10 { 7112 7062 4438 4434 4432 4428 265 260 184 180 }   support: 0.800983  frequency: 39285
2407th: 9 { 7062 4940 4438 4436 4434 4432 4430 188 170 }   support: 0.800983  frequency: 39285
2408th: 5 { 7112 7082 4438 4428 170 }   support: 0.800983  frequency: 39285
2409th: 6 { 7102 4438 4436 4430 4426 188 }   support: 0.800983  frequency: 39285
2410th: 9 { 7062 4940 4434 4432 4428 265 260 188 170 }   support: 0.800983  frequency: 39285
2411th: 9 { 7092 4438 4428 4426 188 184 180 170 17 }   support: 0.800983  frequency: 39285
2412th: 8 { 7112 7062 4940 4434 4432 265 260 170 }   support: 0.800983  frequency: 39285
2413th: 7 { 7112 7092 7062 4940 4434 4404 3404 }   support: 0.800983  frequency: 39285
2414th: 9 { 7092 7062 4940 4434 4428 4404 3404 188 170 }   support: 0.800962  frequency: 39284
2415th: 6 { 7092 7062 4428 265 260 17 }   support: 0.800962  frequency: 39284
2416th: 7 { 7082 7062 4438 4434 4432 4428 170 }   support: 0.800962  frequency: 39284
2417th: 8 { 7102 4438 4432 4430 4428 188 184 180 }   support: 0.800962  frequency: 39284
2418th: 7 { 7092 4438 4436 4430 4404 3404 170 }   support: 0.800962  frequency: 39284
2419th: 10 { 7112 4438 4434 4428 4404 3404 188 184 180 170 }   support: 0.800962  frequency: 39284
2420th: 9 { 7062 4436 4434 4426 4404 3404 188 184 180 }   support: 0.800962  frequency: 39284
2421th: 10 { 7112 7092 7062 4940 4438 4432 4430 4428 4426 170 }   support: 0.800962  frequency: 39284
2422th: 9 { 7062 4432 4430 4404 3404 265 260 184 180 }   support: 0.800962  frequency: 39284
2423th: 8 { 7062 4428 265 260 188 184 180 17 }   support: 0.800962  frequency: 39284
2424th: 9 { 7112 7092 7062 4940 4438 4436 4430 184 180 }   support: 0.800962  frequency: 39284
2425th: 8 { 7092 4436 4434 4426 265 260 184 180 }   support: 0.800962  frequency: 39284
2426th: 11 { 4438 4434 4432 4426 4404 3404 265 260 184 180 170 }   support: 0.800962  frequency: 39284
2427th: 9 { 7112 7062 4940 4438 4436 4432 4430 4428 4426 }   support: 0.800942  frequency: 39283
2428th: 8 { 4438 4436 4430 4404 3404 188 184 180 }   support: 0.800942  frequency: 39283
2429th: 7 { 7112 7092 4940 4426 265 260 170 }   support: 0.800942  frequency: 39283
2430th: 7 { 7062 4438 4432 265 260 188 17 }   support: 0.800942  frequency: 39283
2431th: 8 { 7092 4940 4438 4436 4426 265 260 170 }   support: 0.800942  frequency: 39283
2432th: 11 { 7092 4940 4438 4404 3404 265 260 188 184 180 170 }   support: 0.800942  frequency: 39283
2433th: 9 { 7112 7092 7062 4940 4436 4432 4426 184 180 }   support: 0.800942  frequency: 39283
2434th: 8 { 4436 4434 4430 4404 3404 184 180 170 }   support: 0.800942  frequency: 39283
2435th: 6 { 4940 4430 4428 184 180 17 }   support: 0.800942  frequency: 39283
2436th: 9 { 4436 4434 4428 4404 3404 265 260 184 180 }   support: 0.800942  frequency: 39283
2437th: 9 { 7092 4436 4432 4428 4404 3404 184 180 170 }   support: 0.800942  frequency: 39283
2438th: 9 { 7062 4436 4434 4432 4428 4426 265 260 170 }   support: 0.800942  frequency: 39283
2439th: 7 { 7112 7102 4438 4436 4432 4430 170 }   support: 0.800942  frequency: 39283
2440th: 9 { 4940 4438 4436 4434 4432 4430 188 184 180 }   support: 0.800942  frequency: 39283
2441th: 10 { 4940 4438 4436 4430 4428 4426 188 184 180 170 }   support: 0.800942  frequency: 39283
2442th: 8 { 7112 7092 7062 4940 4428 265 260 170 }   support: 0.800942  frequency: 39283
2443th: 9 { 7092 7062 4940 4438 188 184 180 170 17 }   support: 0.800942  frequency: 39283
2444th: 6 { 7112 7092 4436 4428 265 260 }   support: 0.800942  frequency: 39283
2445th: 8 { 7102 7092 4438 4434 4432 4428 188 170 }   support: 0.800942  frequency: 39283
2446th: 8 { 7062 4940 4436 4426 4404 3404 188 170 }   support: 0.800922  frequency: 39282
2447th: 8 { 4940 4438 4432 4428 4426 184 180 17 }   support: 0.800922  frequency: 39282
2448th: 9 { 7062 4940 4438 4430 265 260 188 184 180 }   support: 0.800922  frequency: 39282
2449th: 8 { 7062 4438 4432 4404 3404 188 170 17 }   support: 0.800922  frequency: 39282
2450th: 9 { 7112 7062 4438 4430 4428 4404 3404 184 180 }   support: 0.800922  frequency: 39282
2451th: 10 { 7062 4940 4426 4404 3404 265 260 188 184 180 }   support: 0.800922  frequency: 39282
2452th: 10 { 7062 4436 4432 4428 4404 3404 188 184 180 170 }   support: 0.800922  frequency: 39282
2453th: 10 { 7112 7062 4438 4432 4428 4426 4404 3404 184 180 }   support: 0.800922  frequency: 39282
2454th: 5 { 7112 7082 4438 4436 4428 }   support: 0.800922  frequency: 39282
2455th: 7 { 7112 7062 4940 4434 4430 4426 188 }   support: 0.800922  frequency: 39282
2456th: 9 { 4940 4434 4432 4426 4404 3404 188 184 180 }   support: 0.800901  frequency: 39281
2457th: 5 { 7062 4436 265 260 17 }   support: 0.800901  frequency: 39281
2458th: 8 { 7112 7102 7062 4438 4436 4430 4428 170 }   support: 0.800901  frequency: 39281
2459th: 9 { 7062 4434 4432 4430 4428 4426 265 260 170 }   support: 0.800901  frequency: 39281
2460th: 8 { 7112 7092 7062 4430 4426 188 184 180 }   support: 0.800901  frequency: 39281
2461th: 9 { 7112 4438 4434 4432 4430 4428 4426 188 170 }   support: 0.800901  frequency: 39281
2462th: 7 { 7112 4438 4436 4434 4432 4430 188 }   support: 0.800901  frequency: 39281
2463th: 7 { 7062 4428 4404 3404 265 260 17 }   support: 0.800901  frequency: 39281
2464th: 9 { 7102 4940 4438 4436 4432 188 184 180 170 }   support: 0.800901  frequency: 39281
2465th: 6 { 4436 4404 3404 184 180 17 }   support: 0.800901  frequency: 39281
2466th: 9 { 7112 7092 4940 4436 4432 4428 4426 184 180 }   support: 0.800901  frequency: 39281
2467th: 5 { 7062 4940 4436 4434 17 }   support: 0.800901  frequency: 39281
2468th: 9 { 7092 7062 4436 4428 4404 3404 188 184 180 }   support: 0.800901  frequency: 39281
2469th: 9 { 7092 7062 4438 4426 188 184 180 170 17 }   support: 0.800901  frequency: 39281
2470th: 9 { 4940 4438 4432 4430 4428 4426 4404 3404 170 }   support: 0.800881  frequency: 39280
2471th: 8 { 4436 4434 4430 265 260 184 180 170 }   support: 0.800881  frequency: 39280
2472th: 8 { 7112 7092 7062 4438 4436 4434 4426 188 }   support: 0.800881  frequency: 39280
2473th: 9 { 4438 4434 4404 3404 188 184 180 170 17 }   support: 0.800881  frequency: 39280
2474th: 9 { 7112 7092 4940 4438 4428 265 260 184 180 }   support: 0.800881  frequency: 39280
2475th: 8 { 7112 7092 4940 4430 188 184 180 170 }   support: 0.800881  frequency: 39280
2476th: 7 { 7062 4436 4430 4428 4404 3404 188 }   support: 0.800881  frequency: 39280
2477th: 6 { 7092 7082 7062 4438 4434 4428 }   support: 0.80086  frequency: 39279
2478th: 7 { 7062 4438 4404 3404 3403 265 260 }   support: 0.80086  frequency: 39279
2479th: 8 { 7112 4940 4434 4432 4404 3404 184 180 }   support: 0.80086  frequency: 39279
2480th: 6 { 4438 4432 4430 4428 4426 17 }   support: 0.80086  frequency: 39279
2481th: 7 { 7112 7092 4940 4438 265 260 188 }   support: 0.80086  frequency: 39279
2482th: 7 { 7102 7082 7062 4438 4436 4434 4432 }   support: 0.80086  frequency: 39279
2483th: 8 { 7102 7082 7062 4438 4434 184 180 170 }   support: 0.80086  frequency: 39279
2484th: 7 { 7112 7092 7062 4428 265 260 188 }   support: 0.80086  frequency: 39279
2485th: 9 { 7092 7062 4434 4426 265 260 188 184 180 }   support: 0.80086  frequency: 39279
2486th: 9 { 7102 7062 4940 4438 4434 4430 4428 4426 170 }   support: 0.80086  frequency: 39279
2487th: 6 { 7062 4940 4430 184 180 17 }   support: 0.80086  frequency: 39279
2488th: 8 { 4438 4432 4430 4426 265 260 188 170 }   support: 0.80086  frequency: 39279
2489th: 10 { 7102 7092 4940 4438 4432 4428 4426 184 180 170 }   support: 0.80086  frequency: 39279
2490th: 10 { 7092 7062 4940 4438 4434 265 260 188 184 180 }   support: 0.80086  frequency: 39279
2491th: 10 { 7112 7062 4940 4438 4428 4426 4404 3404 184 180 }   support: 0.80086  frequency: 39279
2492th: 9 { 7112 7092 7062 4436 4432 188 184 180 170 }   support: 0.80086  frequency: 39279
2493th: 8 { 7062 4426 4404 3404 188 184 180 17 }   support: 0.80086  frequency: 39279
2494th: 7 { 4432 4430 4428 184 180 170 17 }   support: 0.80086  frequency: 39279
2495th: 6 { 7062 4436 4434 188 170 17 }   support: 0.80086  frequency: 39279
2496th: 9 { 7112 4434 4404 3404 265 260 184 180 170 }   support: 0.80084  frequency: 39278
2497th: 10 { 7102 7062 4438 4436 4434 4426 188 184 180 170 }   support: 0.80084  frequency: 39278
2498th: 8 { 7112 4940 4438 4432 4428 4426 4404 3404 }   support: 0.80084  frequency: 39278
2499th: 8 { 7112 4940 4438 4432 4426 4404 3404 170 }   support: 0.80084  frequency: 39278
2500th: 9 { 7102 7062 4940 4428 4426 188 184 180 170 }   support: 0.80084  frequency: 39278
2501th: 4 { 7092 7082 4438 188 }   support: 0.80084  frequency: 39278
2502th: 7 { 4940 4438 4426 4404 3404 170 17 }   support: 0.80084  frequency: 39278
2503th: 8 { 7102 7092 4940 4438 4434 4430 184 180 }   support: 0.80084  frequency: 39278
2504th: 6 { 7092 7082 4438 4436 4434 4428 }   support: 0.80084  frequency: 39278
2505th: 5 { 7092 4434 4432 4426 17 }   support: 0.80084  frequency: 39278
2506th: 10 { 4438 4432 4430 4428 265 260 188 184 180 170 }   support: 0.80084  frequency: 39278
2507th: 6 { 4940 4404 3404 265 260 17 }   support: 0.80084  frequency: 39278
2508th: 6 { 7062 4438 4436 4434 4426 17 }   support: 0.80084  frequency: 39278
2509th: 7 { 7092 4434 4428 4426 184 180 17 }   support: 0.80084  frequency: 39278
2510th: 10 { 7062 4436 4434 4432 4404 3404 188 184 180 170 }   support: 0.80084  frequency: 39278
2511th: 6 { 7092 4438 4432 4404 3404 17 }   support: 0.80084  frequency: 39278
2512th: 10 { 7092 7062 4940 4438 4436 4434 4428 4426 188 170 }   support: 0.80084  frequency: 39278
2513th: 8 { 7062 4432 4428 4426 188 184 180 17 }   support: 0.80084  frequency: 39278
2514th: 8 { 7112 7092 4940 4436 4430 4428 184 180 }   support: 0.80084  frequency: 39278
2515th: 6 { 4940 4438 4434 265 260 17 }   support: 0.80082  frequency: 39277
2516th: 9 { 7112 7092 7062 4940 4434 4430 4428 4426 170 }   support: 0.80082  frequency: 39277
2517th: 8 { 4438 4436 4432 4426 265 260 188 170 }   support: 0.80082  frequency: 39277
2518th: 8 { 4434 4432 4428 188 184 180 170 17 }   support: 0.80082  frequency: 39277
2519th: 9 { 7102 7092 7062 4438 4432 4428 188 184 180 }   support: 0.80082  frequency: 39277
2520th: 9 { 7102 7062 4438 4436 4432 4426 188 184 180 }   support: 0.80082  frequency: 39277
2521th: 6 { 7092 7082 7062 4438 4436 4426 }   support: 0.80082  frequency: 39277
2522th: 8 { 4940 4436 4434 4432 4428 265 260 170 }   support: 0.80082  frequency: 39277
2523th: 6 { 4940 4434 4404 3404 170 17 }   support: 0.80082  frequency: 39277
2524th: 8 { 7102 4940 4438 4436 4428 4426 188 170 }   support: 0.80082  frequency: 39277
2525th: 7 { 7092 4940 4436 4428 4426 265 260 }   support: 0.800799  frequency: 39276
2526th: 6 { 7102 7092 4438 4404 3404 188 }   support: 0.800799  frequency: 39276
2527th: 9 { 7112 7102 7062 4438 4436 4432 4428 4426 170 }   support: 0.800799  frequency: 39276
2528th: 9 { 4940 4438 4436 4428 265 260 188 184 180 }   support: 0.800799  frequency: 39276
2529th: 8 { 7112 7092 4940 4438 4434 265 260 170 }   support: 0.800799  frequency: 39276
2530th: 4 { 7112 7082 4438 4426 }   support: 0.800799  frequency: 39276
2531th: 6 { 7082 4940 4438 4426 184 180 }   support: 0.800799  frequency: 39276
2532th: 8 { 7102 7062 4438 4432 4430 4428 188 170 }   support: 0.800799  frequency: 39276
2533th: 9 { 7102 4940 4438 4434 4430 4428 4426 184 180 }   support: 0.800799  frequency: 39276
2534th: 11 { 7112 7092 4438 4434 4432 4430 4428 4426 184 180 170 }   support: 0.800779  frequency: 39275
2535th: 7 { 7092 4940 4436 4428 4426 4404 3404 }   support: 0.800779  frequency: 39275
2536th: 8 { 7062 4940 4436 4428 4404 3404 265 260 }   support: 0.800779  frequency: 39275
2537th: 7 { 7092 7062 4438 265 260 188 17 }   support: 0.800779  frequency: 39275
2538th: 8 { 7092 4436 4432 4404 3404 188 184 180 }   support: 0.800779  frequency: 39275
2539th: 8 { 4438 4428 4404 3404 265 260 170 17 }   support: 0.800779  frequency: 39275
2540th: 10 { 7112 7092 4438 4434 4432 4428 4426 188 184 180 }   support: 0.800779  frequency: 39275
2541th: 10 { 7092 7062 4438 4434 4430 4404 3404 184 180 170 }   support: 0.800779  frequency: 39275
2542th: 9 { 7092 7062 4940 4438 4436 4434 265 260 170 }   support: 0.800779  frequency: 39275
2543th: 8 { 7102 7062 4940 4438 4432 4428 4426 188 }   support: 0.800779  frequency: 39275
2544th: 9 { 7112 7092 4438 4434 4428 265 260 184 180 }   support: 0.800779  frequency: 39275
2545th: 7 { 7102 4438 4436 4428 4426 265 260 }   support: 0.800779  frequency: 39275
2546th: 8 { 7112 7092 7062 4434 4428 4404 3404 170 }   support: 0.800758  frequency: 39274
2547th: 10 { 7092 7062 4438 4430 4404 3404 188 184 180 170 }   support: 0.800758  frequency: 39274
2548th: 9 { 7112 4428 4426 265 260 188 184 180 170 }   support: 0.800758  frequency: 39274
2549th: 7 { 4438 4434 4432 4428 4426 188 17 }   support: 0.800758  frequency: 39274
2550th: 8 { 7062 4940 4438 4434 4426 184 180 17 }   support: 0.800758  frequency: 39274
2551th: 9 { 4940 4438 4436 4434 4428 4426 4404 3404 170 }   support: 0.800758  frequency: 39274
2552th: 9 { 4940 4438 4432 4430 4428 4426 265 260 170 }   support: 0.800758  frequency: 39274
2553th: 10 { 7092 7062 4940 4438 4432 4430 4428 4426 188 170 }   support: 0.800758  frequency: 39274
2554th: 8 { 7102 7092 4438 4436 4434 4432 4430 170 }   support: 0.800758  frequency: 39274
2555th: 8 { 7112 7092 7062 4404 3404 265 260 170 }   support: 0.800758  frequency: 39274
2556th: 6 { 4438 4436 265 260 170 17 }   support: 0.800758  frequency: 39274
2557th: 11 { 7062 4940 4434 4432 4430 4428 4426 188 184 180 170 }   support: 0.800758  frequency: 39274
2558th: 7 { 7102 4430 4428 4426 188 184 180 }   support: 0.800758  frequency: 39274
2559th: 8 { 7112 4434 4432 4428 4426 265 260 170 }   support: 0.800758  frequency: 39274
2560th: 7 { 7112 7102 4430 4428 4426 184 180 }   support: 0.800758  frequency: 39274
2561th: 10 { 7112 7062 4940 4438 4432 4430 188 184 180 170 }   support: 0.800758  frequency: 39274
2562th: 7 { 7092 4438 4428 265 260 170 17 }   support: 0.800758  frequency: 39274
2563th: 9 { 7102 7062 4434 4432 4426 188 184 180 170 }   support: 0.800758  frequency: 39274
2564th: 10 { 7092 7062 4438 4428 4426 4404 3404 265 260 188 }   support: 0.800758  frequency: 39274
2565th: 5 { 7112 7062 4940 4428 17 }   support: 0.800758  frequency: 39274
2566th: 9 { 7092 7062 4438 4432 4428 184 180 170 17 }   support: 0.800758  frequency: 39274
2567th: 11 { 7092 4438 4432 4428 4426 4404 3404 188 184 180 170 }   support: 0.800738  frequency: 39273
2568th: 9 { 4436 4428 4404 3404 265 260 188 184 180 }   support: 0.800738  frequency: 39273
2569th: 10 { 4438 4430 4404 3404 265 260 188 184 180 170 }   support: 0.800738  frequency: 39273
2570th: 7 { 4436 4430 4428 4404 3404 188 170 }   support: 0.800738  frequency: 39273
2571th: 7 { 7092 4434 4430 4426 4404 3404 170 }   support: 0.800738  frequency: 39273
2572th: 8 { 7092 4940 4438 4436 4426 4404 3404 170 }   support: 0.800738  frequency: 39273
2573th: 7 { 7092 7062 4940 4434 184 180 17 }   support: 0.800738  frequency: 39273
2574th: 10 { 7092 7062 4438 4434 4430 265 260 184 180 170 }   support: 0.800738  frequency: 39273
2575th: 7 { 7112 7102 7092 4940 4438 4428 4426 }   support: 0.800738  frequency: 39273
2576th: 9 { 7092 4436 4434 4432 265 260 184 180 170 }   support: 0.800738  frequency: 39273
2577th: 8 { 7112 7062 4438 4436 4434 4430 4428 188 }   support: 0.800738  frequency: 39273
2578th: 7 { 7112 7092 7062 4434 4432 4430 188 }   support: 0.800738  frequency: 39273
2579th: 7 { 7102 7092 4438 4428 4404 3404 170 }   support: 0.800738  frequency: 39273
2580th: 10 { 7102 7092 7062 4940 4438 4432 4426 184 180 170 }   support: 0.800738  frequency: 39273
2581th: 6 { 7102 4432 4428 4426 265 260 }   support: 0.800738  frequency: 39273
2582th: 6 { 4432 4426 4404 3404 170 17 }   support: 0.800738  frequency: 39273
2583th: 10 { 4432 4428 4426 4404 3404 265 260 188 184 180 }   support: 0.800738  frequency: 39273
2584th: 7 { 7112 7062 4438 4434 184 180 17 }   support: 0.800738  frequency: 39273
2585th: 5 { 7112 4438 265 260 17 }   support: 0.800718  frequency: 39272
2586th: 8 { 7112 7092 7062 4940 4438 4436 4434 4430 }   support: 0.800718  frequency: 39272
2587th: 10 { 7112 7092 7062 4940 4432 4428 188 184 180 170 }   support: 0.800718  frequency: 39272
2588th: 7 { 7112 4940 4404 3404 265 260 188 }   support: 0.800718  frequency: 39272
2589th: 8 { 7062 4438 4436 4432 4426 265 260 188 }   support: 0.800718  frequency: 39272
2590th: 7 { 7092 7062 4436 4434 4430 4426 188 }   support: 0.800718  frequency: 39272
2591th: 8 { 7102 7082 4438 4436 4428 184 180 170 }   support: 0.800718  frequency: 39272
2592th: 8 { 7112 7092 4434 4430 4428 188 184 180 }   support: 0.800718  frequency: 39272
2593th: 10 { 4940 4438 4434 4428 4426 4404 3404 265 260 170 }   support: 0.800718  frequency: 39272
2594th: 7 { 7092 7062 4434 4426 184 180 17 }   support: 0.800718  frequency: 39272
2595th: 10 { 7112 4940 4438 4430 4428 4426 188 184 180 170 }   support: 0.800697  frequency: 39271
2596th: 6 { 4438 4432 4426 265 260 17 }   support: 0.800697  frequency: 39271
2597th: 7 { 4940 4436 4426 265 260 188 170 }   support: 0.800697  frequency: 39271
2598th: 9 { 7112 7102 4438 4436 4432 4428 4426 184 180 }   support: 0.800697  frequency: 39271
2599th: 10 { 7112 7062 4438 4434 4432 4428 4404 3404 184 180 }   support: 0.800697  frequency: 39271
2600th: 5 { 7062 4430 4426 188 17 }   support: 0.800697  frequency: 39271
2601th: 8 { 7112 7092 4432 4428 4404 3404 184 180 }   support: 0.800697  frequency: 39271
2602th: 6 { 7062 4940 4426 4404 3404 17 }   support: 0.800697  frequency: 39271
2603th: 7 { 7092 7062 4434 4430 4426 4404 3404 }   support: 0.800697  frequency: 39271
2604th: 10 { 7092 7062 4940 4438 4436 4432 4430 4426 184 180 }   support: 0.800697  frequency: 39271
2605th: 10 { 7092 7062 4438 4436 4434 4430 188 184 180 170 }   support: 0.800697  frequency: 39271
2606th: 8 { 7062 4438 4436 4430 4426 265 260 170 }   support: 0.800697  frequency: 39271
2607th: 9 { 7112 7092 4438 4430 4426 188 184 180 170 }   support: 0.800697  frequency: 39271
2608th: 8 { 7112 7092 7062 4432 4430 4428 188 170 }   support: 0.800697  frequency: 39271
2609th: 7 { 7082 7062 4438 4434 4428 4426 170 }   support: 0.800697  frequency: 39271
2610th: 10 { 7062 4940 4438 4434 4426 4404 3404 265 260 170 }   support: 0.800677  frequency: 39270
2611th: 7 { 7092 7062 4434 4430 4426 265 260 }   support: 0.800677  frequency: 39270
2612th: 9 { 7092 7062 4940 4434 4404 3404 265 260 170 }   support: 0.800677  frequency: 39270
2613th: 7 { 7112 7062 4940 4438 184 180 17 }   support: 0.800677  frequency: 39270
2614th: 9 { 4940 4434 4428 4404 3404 265 260 188 170 }   support: 0.800677  frequency: 39270
2615th: 6 { 7092 7082 4940 4438 4436 170 }   support: 0.800677  frequency: 39270
2616th: 10 { 7112 7092 7062 4438 4434 4432 4426 188 184 180 }   support: 0.800677  frequency: 39270
2617th: 5 { 7112 4940 4438 4426 17 }   support: 0.800677  frequency: 39270
2618th: 8 { 7092 4940 4434 4428 265 260 188 170 }   support: 0.800677  frequency: 39270
2619th: 9 { 7112 7092 4438 4404 3404 265 260 184 180 }   support: 0.800677  frequency: 39270
2620th: 8 { 7062 4434 265 260 184 180 170 17 }   support: 0.800677  frequency: 39270
2621th: 8 { 7112 7062 4434 4432 4430 4426 188 170 }   support: 0.800677  frequency: 39270
2622th: 7 { 7092 4434 4430 4426 265 260 170 }   support: 0.800657  frequency: 39269
2623th: 8 { 7112 4434 4432 4426 265 260 184 180 }   support: 0.800657  frequency: 39269
2624th: 10 { 7062 4940 4438 4430 4428 4404 3404 188 184 180 }   support: 0.800657  frequency: 39269
2625th: 7 { 7092 4940 4430 4428 4426 4404 3404 }   support: 0.800657  frequency: 39269
2626th: 8 { 4436 4432 4430 265 260 184 180 170 }   support: 0.800657  frequency: 39269
2627th: 7 { 7112 4940 4438 4436 4434 265 260 }   support: 0.800657  frequency: 39269
2628th: 9 { 7112 7062 4940 4430 4428 4426 188 184 180 }   support: 0.800657  frequency: 39269
2629th: 8 { 4940 4438 4436 4434 4432 4404 3404 188 }   support: 0.800657  frequency: 39269
2630th: 9 { 7102 7092 7062 4940 4438 4434 4432 4426 170 }   support: 0.800657  frequency: 39269
2631th: 8 { 7112 7062 4434 4432 4428 4426 265 260 }   support: 0.800657  frequency: 39269
2632th: 8 { 7062 4438 4432 4430 4426 265 260 188 }   support: 0.800657  frequency: 39269
2633th: 8 { 7062 4940 4432 4430 4404 3404 188 170 }   support: 0.800657  frequency: 39269
2634th: 8 { 7112 4438 4434 4432 265 260 188 170 }   support: 0.800657  frequency: 39269
2635th: 7 { 7102 7062 4940 4438 4430 188 170 }   support: 0.800657  frequency: 39269
2636th: 7 { 7112 4426 4404 3404 265 260 188 }   support: 0.800657  frequency: 39269
2637th: 4 { 7102 4438 4428 17 }   support: 0.800657  frequency: 39269
2638th: 7 { 7112 4436 4434 4430 4428 188 170 }   support: 0.800636  frequency: 39268
2639th: 7 { 7112 7102 7062 4940 4438 188 170 }   support: 0.800636  frequency: 39268
2640th: 9 { 7092 7062 4940 4438 4436 4434 4404 3404 170 }   support: 0.800636  frequency: 39268
2641th: 9 { 7102 4436 4434 4432 4428 188 184 180 170 }   support: 0.800636  frequency: 39268
2642th: 6 { 7102 7062 4940 4430 4428 188 }   support: 0.800636  frequency: 39268
2643th: 8 { 4438 4436 4432 4426 4404 3404 265 260 }   support: 0.800636  frequency: 39268
2644th: 6 { 7112 7102 4940 4430 4428 170 }   support: 0.800636  frequency: 39268
2645th: 9 { 7112 7102 7092 4438 4432 4428 184 180 170 }   support: 0.800636  frequency: 39268
2646th: 7 { 7112 7102 7062 4940 4432 4426 170 }   support: 0.800636  frequency: 39268
2647th: 10 { 7112 4940 4438 4436 4434 4428 188 184 180 170 }   support: 0.800636  frequency: 39268
2648th: 9 { 7062 4940 4436 4430 4426 188 184 180 170 }   support: 0.800636  frequency: 39268
2649th: 8 { 7102 7062 4438 4436 4430 188 184 180 }   support: 0.800636  frequency: 39268
2650th: 5 { 7092 4428 4404 3404 3403 }   support: 0.800616  frequency: 39267
2651th: 8 { 7112 7102 7062 4940 4436 4432 184 180 }   support: 0.800616  frequency: 39267
2652th: 5 { 7092 7062 4436 188 17 }   support: 0.800616  frequency: 39267
2653th: 7 { 7112 7092 4940 4426 4404 3404 170 }   support: 0.800616  frequency: 39267
2654th: 5 { 7082 4438 4436 4428 188 }   support: 0.800616  frequency: 39267
2655th: 7 { 7112 7092 4428 4426 4404 3404 188 }   support: 0.800616  frequency: 39267
2656th: 5 { 4432 4430 4426 170 17 }   support: 0.800616  frequency: 39267
2657th: 9 { 7102 7092 7062 4430 4428 4426 184 180 170 }   support: 0.800616  frequency: 39267
2658th: 9 { 7102 7092 7062 4436 4430 4428 184 180 170 }   support: 0.800616  frequency: 39267
2659th: 9 { 7112 4940 4404 3404 265 260 184 180 170 }   support: 0.800616  frequency: 39267
2660th: 7 { 7092 4438 4432 4430 265 260 188 }   support: 0.800616  frequency: 39267
2661th: 7 { 7112 7092 7062 4436 4404 3404 170 }   support: 0.800616  frequency: 39267
2662th: 8 { 4432 4404 3404 188 184 180 170 17 }   support: 0.800616  frequency: 39267
2663th: 7 { 7062 4430 4428 4426 184 180 17 }   support: 0.800616  frequency: 39267
2664th: 8 { 7112 7062 4438 4432 4430 265 260 170 }   support: 0.800616  frequency: 39267
2665th: 10 { 4940 4438 4432 4428 4426 4404 3404 265 260 170 }   support: 0.800595  frequency: 39266
2666th: 8 { 7102 7062 4940 4432 4430 4428 4426 170 }   support: 0.800595  frequency: 39266
2667th: 10 { 7062 4438 4436 4428 4426 265 260 188 184 180 }   support: 0.800595  frequency: 39266
2668th: 9 { 7112 7102 4940 4438 4436 4432 184 180 170 }   support: 0.800595  frequency: 39266
2669th: 7 { 7102 4438 4428 4404 3404 265 260 }   support: 0.800595  frequency: 39266
2670th: 8 { 7112 7062 4940 4434 4432 4404 3404 170 }   support: 0.800595  frequency: 39266
2671th: 8 { 7112 4434 4432 4428 4426 4404 3404 170 }   support: 0.800595  frequency: 39266
2672th: 8 { 7112 7092 7062 4940 4428 4404 3404 170 }   support: 0.800595  frequency: 39266
2673th: 10 { 7092 4940 4438 4432 4428 4404 3404 188 184 180 }   support: 0.800595  frequency: 39266
2674th: 6 { 7102 7062 4436 4432 4430 188 }   support: 0.800595  frequency: 39266
2675th: 7 { 7102 7062 265 260 188 184 180 }   support: 0.800595  frequency: 39266
2676th: 9 { 7102 7092 7062 4940 4436 4432 4428 184 180 }   support: 0.800595  frequency: 39266
2677th: 6 { 4434 4428 4426 4404 3404 17 }   support: 0.800595  frequency: 39266
2678th: 7 { 4404 3404 3403 265 260 184 180 }   support: 0.800595  frequency: 39266
2679th: 5 { 4940 4438 4430 4426 17 }   support: 0.800595  frequency: 39266
2680th: 7 { 7102 7092 4940 4438 4426 188 170 }   support: 0.800595  frequency: 39266
2681th: 7 { 7092 4940 4436 4434 4428 4404 3404 }   support: 0.800595  frequency: 39266
2682th: 9 { 7092 7062 4940 4432 265 260 188 184 180 }   support: 0.800595  frequency: 39266
2683th: 10 { 7112 7092 4438 4428 4426 265 260 184 180 170 }   support: 0.800595  frequency: 39266
2684th: 9 { 7112 7102 7062 4436 4434 4432 4428 184 180 }   support: 0.800595  frequency: 39266
2685th: 8 { 7112 4940 4438 4432 4430 4426 188 170 }   support: 0.800595  frequency: 39266
2686th: 8 { 7062 4940 4438 4436 184 180 170 17 }   support: 0.800595  frequency: 39266
2687th: 8 { 4438 4426 265 260 188 184 180 17 }   support: 0.800595  frequency: 39266
2688th: 9 { 7062 4940 4438 4432 4430 4428 4426 4404 3404 }   support: 0.800575  frequency: 39265
2689th: 8 { 7102 7062 4940 4438 4434 4432 4430 4426 }   support: 0.800575  frequency: 39265
2690th: 6 { 7102 7082 7062 4940 4438 170 }   support: 0.800575  frequency: 39265
2691th: 7 { 7112 4940 4438 4430 4428 4404 3404 }   support: 0.800575  frequency: 39265
2692th: 8 { 7112 7062 4940 4438 4436 4432 4426 188 }   support: 0.800575  frequency: 39265
2693th: 8 { 7102 4436 4434 4432 4430 4426 184 180 }   support: 0.800575  frequency: 39265
2694th: 10 { 7102 7092 4940 4438 4436 4432 4428 184 180 170 }   support: 0.800575  frequency: 39265
2695th: 8 { 7062 4438 4436 4430 4426 4404 3404 170 }   support: 0.800575  frequency: 39265
2696th: 8 { 7092 4438 4436 4434 4430 4428 4426 188 }   support: 0.800575  frequency: 39265
2697th: 9 { 7112 4438 4436 4404 3404 188 184 180 170 }   support: 0.800575  frequency: 39265
2698th: 9 { 4940 4438 4436 4426 4404 3404 188 184 180 }   support: 0.800575  frequency: 39265
2699th: 9 { 7102 7092 7062 4940 4432 4428 4426 184 180 }   support: 0.800575  frequency: 39265
2700th: 8 { 7112 7062 4940 4438 4432 4426 265 260 }   support: 0.800575  frequency: 39265
2701th: 12 { 7092 7062 4438 4428 4426 4404 3404 265 260 184 180 170 }   support: 0.800575  frequency: 39265
2702th: 10 { 7062 4940 4438 4434 4430 4428 4404 3404 184 180 }   support: 0.800575  frequency: 39265
2703th: 7 { 7112 7092 4438 4434 265 260 188 }   support: 0.800575  frequency: 39265
2704th: 7 { 7112 7062 4432 4430 4428 4404 3404 }   support: 0.800575  frequency: 39265
2705th: 8 { 7092 7062 4436 4434 4426 4404 3404 170 }   support: 0.800575  frequency: 39265
2706th: 8 { 7092 4940 4438 4428 4426 184 180 17 }   support: 0.800575  frequency: 39265
2707th: 9 { 4436 4434 4432 4428 4426 4404 3404 184 180 }   support: 0.800575  frequency: 39265
2708th: 6 { 7102 4434 4430 4428 4426 188 }   support: 0.800575  frequency: 39265
2709th: 9 { 7062 4940 4438 4432 4430 4428 4426 265 260 }   support: 0.800555  frequency: 39264
2710th: 9 { 7112 7092 4940 4438 4428 4404 3404 184 180 }   support: 0.800555  frequency: 39264
2711th: 10 { 7092 7062 4940 4438 4434 4432 4430 4428 188 170 }   support: 0.800555  frequency: 39264
2712th: 8 { 7102 7092 4438 4436 4434 4432 4430 4428 }   support: 0.800555  frequency: 39264
2713th: 6 { 7112 7102 7092 4940 4426 170 }   support: 0.800555  frequency: 39264
2714th: 9 { 7092 7062 4940 4436 4432 4426 188 184 180 }   support: 0.800555  frequency: 39264
2715th: 9 { 7112 7092 4436 4432 4430 4428 184 180 170 }   support: 0.800555  frequency: 39264
2716th: 5 { 7102 7092 4426 265 260 }   support: 0.800555  frequency: 39264
2717th: 9 { 7112 7092 7062 4436 4432 4430 4428 184 180 }   support: 0.800555  frequency: 39264
2718th: 6 { 7062 4940 4434 4432 188 17 }   support: 0.800555  frequency: 39264
2719th: 6 { 7062 4940 4438 4436 188 17 }   support: 0.800555  frequency: 39264
2720th: 6 { 7112 7092 4940 4430 4426 188 }   support: 0.800555  frequency: 39264
2721th: 9 { 7062 4940 4434 4432 4428 4404 3404 265 260 }   support: 0.800555  frequency: 39264
2722th: 9 { 7092 4436 4434 4432 4404 3404 184 180 170 }   support: 0.800555  frequency: 39264
2723th: 9 { 7112 7062 4426 265 260 188 184 180 170 }   support: 0.800555  frequency: 39264
2724th: 9 { 7062 4432 4430 4428 265 260 188 184 180 }   support: 0.800555  frequency: 39264
2725th: 8 { 7112 7102 7092 7062 4432 4428 184 180 }   support: 0.800555  frequency: 39264
2726th: 6 { 7102 7062 4940 4436 265 260 }   support: 0.800555  frequency: 39264
2727th: 8 { 7102 4940 4432 4430 4428 4426 184 180 }   support: 0.800534  frequency: 39263
2728th: 6 { 7102 7082 4940 4438 184 180 }   support: 0.800534  frequency: 39263
2729th: 7 { 7102 7092 4940 4438 4428 4426 188 }   support: 0.800534  frequency: 39263
2730th: 8 { 4940 4438 4436 4432 265 260 188 170 }   support: 0.800534  frequency: 39263
2731th: 10 { 7062 4940 4438 4436 4434 4430 4428 188 184 180 }   support: 0.800534  frequency: 39263
2732th: 10 { 7092 4940 4438 4436 4432 4426 188 184 180 170 }   support: 0.800534  frequency: 39263
2733th: 9 { 7112 7092 7062 4438 4436 4434 4432 4430 4428 }   support: 0.800534  frequency: 39263
2734th: 8 { 7102 4940 4434 4430 4426 184 180 170 }   support: 0.800534  frequency: 39263
2735th: 10 { 7102 7092 7062 4940 4438 4436 4428 4426 184 180 }   support: 0.800534  frequency: 39263
2736th: 8 { 7102 4940 4438 4432 4428 4426 188 170 }   support: 0.800534  frequency: 39263
2737th: 7 { 7102 7092 4940 4436 188 184 180 }   support: 0.800514  frequency: 39262
2738th: 8 { 7102 7062 4940 4438 4432 4426 188 170 }   support: 0.800514  frequency: 39262
2739th: 5 { 7092 4940 4434 4432 17 }   support: 0.800514  frequency: 39262
2740th: 9 { 7062 4436 4434 4432 4430 4428 4426 188 170 }   support: 0.800514  frequency: 39262
2741th: 7 { 7092 4940 4430 4428 4426 265 260 }   support: 0.800514  frequency: 39262
2742th: 9 { 7102 7092 4940 4438 4434 4432 4428 4426 170 }   support: 0.800514  frequency: 39262
2743th: 8 { 7092 4940 4434 4432 4426 4404 3404 170 }   support: 0.800514  frequency: 39262
2744th: 9 { 4438 4428 4426 265 260 184 180 170 17 }   support: 0.800514  frequency: 39262
2745th: 6 { 7112 7092 7062 184 180 17 }   support: 0.800514  frequency: 39262
2746th: 9 { 4940 4432 4428 4404 3404 265 260 188 170 }   support: 0.800514  frequency: 39262
2747th: 7 { 7112 4432 4430 4428 4404 3404 170 }   support: 0.800514  frequency: 39262
2748th: 10 { 7112 7092 4940 4438 4432 4430 4426 184 180 170 }   support: 0.800514  frequency: 39262
2749th: 10 { 7062 4940 4438 4434 4428 4426 265 260 188 170 }   support: 0.800514  frequency: 39262
2750th: 11 { 7112 7092 7062 4438 4434 4432 4430 4428 4426 184 180 }   support: 0.800514  frequency: 39262
2751th: 7 { 7112 7102 7092 4940 4438 4434 4432 }   support: 0.800493  frequency: 39261
2752th: 7 { 7102 4404 3404 265 260 184 180 }   support: 0.800493  frequency: 39261
2753th: 9 { 7112 7062 4940 4434 4430 188 184 180 170 }   support: 0.800493  frequency: 39261
2754th: 10 { 7092 4940 4436 4434 4432 4430 4428 184 180 170 }   support: 0.800493  frequency: 39261
2755th: 9 { 4434 4432 4430 4428 4426 4404 3404 184 180 }   support: 0.800493  frequency: 39261
2756th: 7 { 7102 7092 4436 4426 188 184 180 }   support: 0.800493  frequency: 39261
2757th: 8 { 7102 7062 4436 4432 4428 4426 188 170 }   support: 0.800493  frequency: 39261
2758th: 6 { 7102 4940 4438 4426 4404 3404 }   support: 0.800493  frequency: 39261
2759th: 4 { 4940 4434 4430 17 }   support: 0.800493  frequency: 39261
2760th: 6 { 7102 7062 4428 265 260 188 }   support: 0.800493  frequency: 39261
2761th: 8 { 7112 4940 4436 4432 4430 4428 4426 170 }   support: 0.800493  frequency: 39261
2762th: 6 { 7112 7102 7092 4438 4434 4430 }   support: 0.800493  frequency: 39261
2763th: 8 { 7112 7092 7062 4438 4434 4404 3404 188 }   support: 0.800493  frequency: 39261
2764th: 10 { 4940 4438 4432 4426 4404 3404 265 260 184 180 }   support: 0.800493  frequency: 39261
2765th: 8 { 7112 7062 4438 188 184 180 170 17 }   support: 0.800493  frequency: 39261
2766th: 8 { 7112 4940 4438 4436 4432 4428 4426 188 }   support: 0.800473  frequency: 39260
2767th: 6 { 7112 7102 4438 4436 4426 188 }   support: 0.800473  frequency: 39260
2768th: 9 { 7062 4940 4438 4436 4434 4428 4426 4404 3404 }   support: 0.800473  frequency: 39260
2769th: 9 { 7112 7092 7062 4434 4432 4428 4426 188 170 }   support: 0.800473  frequency: 39260
2770th: 8 { 7112 4940 4438 4434 4432 4428 265 260 }   support: 0.800473  frequency: 39260
2771th: 9 { 7092 4434 4428 4426 265 260 188 184 180 }   support: 0.800473  frequency: 39260
2772th: 9 { 4434 4430 4404 3404 265 260 184 180 170 }   support: 0.800473  frequency: 39260
2773th: 8 { 7092 7062 4438 4404 3404 188 170 17 }   support: 0.800473  frequency: 39260
2774th: 6 { 7082 7062 4940 4438 4426 170 }   support: 0.800473  frequency: 39260
2775th: 7 { 7112 7102 4438 4434 4432 188 170 }   support: 0.800473  frequency: 39260
2776th: 9 { 7112 7062 4940 4436 4434 4428 188 184 180 }   support: 0.800473  frequency: 39260
2777th: 9 { 7092 7062 4940 4432 4428 4404 3404 188 170 }   support: 0.800473  frequency: 39260
2778th: 8 { 7112 7062 4434 4432 4426 265 260 170 }   support: 0.800473  frequency: 39260
2779th: 9 { 7112 7092 4436 4430 4428 4426 184 180 170 }   support: 0.800473  frequency: 39260
2780th: 6 { 7102 4436 4434 4432 4404 3404 }   support: 0.800473  frequency: 39260
2781th: 7 { 7092 4438 4434 4432 4428 170 17 }   support: 0.800473  frequency: 39260
2782th: 7 { 7092 4438 4428 4404 3404 188 17 }   support: 0.800473  frequency: 39260
2783th: 8 { 7092 7062 4436 4434 4426 265 260 170 }   support: 0.800473  frequency: 39260
2784th: 9 { 7102 7062 4940 4436 4434 188 184 180 170 }   support: 0.800453  frequency: 39259
2785th: 4 { 7112 7102 7082 4438 }   support: 0.800453  frequency: 39259
2786th: 10 { 7112 7092 7062 4438 4426 265 260 184 180 170 }   support: 0.800453  frequency: 39259
2787th: 7 { 7092 7062 4430 4426 4404 3404 188 }   support: 0.800453  frequency: 39259
2788th: 10 { 7112 7102 7062 4438 4436 4434 4426 184 180 170 }   support: 0.800453  frequency: 39259
2789th: 9 { 4940 4438 4436 4434 4428 4426 265 260 170 }   support: 0.800453  frequency: 39259
2790th: 9 { 7112 7092 4438 4432 4430 4428 188 184 180 }   support: 0.800453  frequency: 39259
2791th: 10 { 7112 7102 7062 4940 4438 4434 4428 184 180 170 }   support: 0.800453  frequency: 39259
2792th: 10 { 7112 7092 7062 4434 4432 4430 4426 184 180 170 }   support: 0.800453  frequency: 39259
2793th: 7 { 4434 265 260 188 184 180 17 }   support: 0.800453  frequency: 39259
2794th: 10 { 4434 4432 4428 4426 4404 3404 265 260 184 180 }   support: 0.800432  frequency: 39258
2795th: 4 { 7092 4432 4430 17 }   support: 0.800432  frequency: 39258
2796th: 8 { 7112 7062 4434 4432 4428 4426 4404 3404 }   support: 0.800432  frequency: 39258
2797th: 9 { 7112 7092 4438 4434 4428 4404 3404 184 180 }   support: 0.800432  frequency: 39258
2798th: 10 { 7112 7092 4940 4438 4436 4432 4426 184 180 170 }   support: 0.800432  frequency: 39258
2799th: 5 { 7112 4426 188 170 17 }   support: 0.800432  frequency: 39258
2800th: 7 { 7092 4940 4436 4434 4428 265 260 }   support: 0.800432  frequency: 39258
2801th: 10 { 7062 4434 4432 4428 4426 4404 3404 265 260 170 }   support: 0.800432  frequency: 39258
2802th: 7 { 7112 7092 7062 4426 4404 3404 188 }   support: 0.800432  frequency: 39258
2803th: 8 { 7112 7062 4438 4434 4432 265 260 188 }   support: 0.800432  frequency: 39258
2804th: 8 { 7062 4940 4434 4432 184 180 170 17 }   support: 0.800432  frequency: 39258
2805th: 7 { 7082 4438 4434 4428 4426 184 180 }   support: 0.800432  frequency: 39258
2806th: 10 { 7092 7062 4434 4432 265 260 188 184 180 170 }   support: 0.800432  frequency: 39258
2807th: 7 { 7092 7062 4438 4432 4428 188 17 }   support: 0.800432  frequency: 39258
2808th: 10 { 7092 7062 4940 4436 4434 4432 4430 4428 184 180 }   support: 0.800432  frequency: 39258
2809th: 11 { 7092 7062 4438 4432 4426 4404 3404 188 184 180 170 }   support: 0.800412  frequency: 39257
2810th: 8 { 4436 4432 4430 4404 3404 184 180 170 }   support: 0.800412  frequency: 39257
2811th: 6 { 7102 7092 4434 4404 3404 170 }   support: 0.800412  frequency: 39257
2812th: 9 { 7062 4430 4428 4426 4404 3404 265 260 170 }   support: 0.800412  frequency: 39257
2813th: 8 { 7092 4940 4436 4434 4432 4430 4426 170 }   support: 0.800412  frequency: 39257
2814th: 8 { 7092 4438 4434 4432 4426 265 260 188 }   support: 0.800412  frequency: 39257
2815th: 8 { 7092 7062 4940 4436 4430 188 184 180 }   support: 0.800412  frequency: 39257
2816th: 6 { 7112 4940 4438 4428 170 17 }   support: 0.800412  frequency: 39257
2817th: 9 { 7112 7092 7062 4940 4438 4436 4434 4432 4426 }   support: 0.800412  frequency: 39257
2818th: 7 { 7112 4940 4438 4436 4430 188 170 }   support: 0.800412  frequency: 39257
2819th: 7 { 7112 4940 4434 4430 4426 188 170 }   support: 0.800412  frequency: 39257
2820th: 10 { 7092 4940 4438 4434 4404 3404 265 260 184 180 }   support: 0.800412  frequency: 39257
2821th: 7 { 7112 7102 7062 4438 4434 4430 4426 }   support: 0.800412  frequency: 39257
2822th: 5 { 7092 4434 265 260 17 }   support: 0.800412  frequency: 39257
2823th: 4 { 7092 7082 4940 4428 }   support: 0.800412  frequency: 39257
2824th: 4 { 7112 4432 4426 17 }   support: 0.800412  frequency: 39257
2825th: 9 { 4436 4434 4432 4428 4426 265 260 184 180 }   support: 0.800412  frequency: 39257
2826th: 6 { 7092 4940 4438 265 260 17 }   support: 0.800412  frequency: 39257
2827th: 11 { 7102 7092 7062 4438 4436 4432 4428 4426 184 180 170 }   support: 0.800412  frequency: 39257
2828th: 6 { 7112 7102 4940 4438 4436 4430 }   support: 0.800412  frequency: 39257
2829th: 9 { 7112 7092 4940 4434 4430 4426 184 180 170 }   support: 0.800412  frequency: 39257
2830th: 8 { 7112 4438 4436 4432 4430 188 184 180 }   support: 0.800391  frequency: 39256
2831th: 7 { 7102 4438 4428 265 260 188 170 }   support: 0.800391  frequency: 39256
2832th: 8 { 7112 7102 4940 4438 4432 4426 184 180 }   support: 0.800391  frequency: 39256
2833th: 9 { 7102 4434 4432 4428 4426 188 184 180 170 }   support: 0.800391  frequency: 39256
2834th: 9 { 7112 7092 7062 4438 4434 4430 188 184 180 }   support: 0.800391  frequency: 39256
2835th: 8 { 7092 4438 4432 4426 184 180 170 17 }   support: 0.800391  frequency: 39256
2836th: 6 { 7112 7062 4432 184 180 17 }   support: 0.800391  frequency: 39256
2837th: 9 { 4430 4428 4426 4404 3404 265 260 184 180 }   support: 0.800391  frequency: 39256
2838th: 9 { 4434 4432 4430 4428 4426 265 260 184 180 }   support: 0.800391  frequency: 39256
2839th: 6 { 7062 4434 4426 4404 3404 17 }   support: 0.800391  frequency: 39256
2840th: 8 { 7102 7092 7062 4940 4438 4434 4430 170 }   support: 0.800391  frequency: 39256
2841th: 8 { 7092 4940 4434 4432 4426 265 260 170 }   support: 0.800371  frequency: 39255
2842th: 7 { 7062 4430 4426 184 180 170 17 }   support: 0.800371  frequency: 39255
2843th: 8 { 7062 4940 4430 4428 4404 3404 265 260 }   support: 0.800371  frequency: 39255
2844th: 8 { 4436 4432 4404 3404 265 260 188 170 }   support: 0.800371  frequency: 39255
2845th: 5 { 7092 4438 4436 4432 17 }   support: 0.800371  frequency: 39255
2846th: 6 { 4434 4404 3404 265 260 17 }   support: 0.800371  frequency: 39255
2847th: 10 { 7062 4940 4434 4432 4404 3404 265 260 184 180 }   support: 0.800371  frequency: 39255
2848th: 7 { 7102 7062 4404 3404 265 260 170 }   support: 0.800371  frequency: 39255
2849th: 5 { 7082 7062 4940 4434 4428 }   support: 0.800371  frequency: 39255
2850th: 11 { 7092 4438 4434 4404 3404 265 260 188 184 180 170 }   support: 0.800371  frequency: 39255
2851th: 8 { 7062 4940 4432 4430 4426 4404 3404 170 }   support: 0.800371  frequency: 39255
2852th: 8 { 4438 4434 4430 4428 4426 265 260 188 }   support: 0.800371  frequency: 39255
2853th: 7 { 7062 4438 4434 4432 4426 188 17 }   support: 0.800371  frequency: 39255
2854th: 8 { 7112 7062 4428 4404 3404 265 260 188 }   support: 0.800371  frequency: 39255
2855th: 10 { 7112 7092 4438 4436 4434 4430 4428 184 180 170 }   support: 0.800351  frequency: 39254
2856th: 8 { 7112 7092 4940 4438 4434 4404 3404 170 }   support: 0.800351  frequency: 39254
2857th: 8 { 7092 7062 4940 4438 4436 4426 265 260 }   support: 0.800351  frequency: 39254
2858th: 7 { 7082 4940 4438 4436 4428 184 180 }   support: 0.800351  frequency: 39254
2859th: 9 { 4438 4434 4432 4428 4426 184 180 170 17 }   support: 0.800351  frequency: 39254
2860th: 5 { 7092 7082 4436 4426 170 }   support: 0.800351  frequency: 39254
2861th: 7 { 7082 7062 4940 4438 4436 4428 170 }   support: 0.800351  frequency: 39254
2862th: 5 { 7112 4438 4434 4426 17 }   support: 0.800351  frequency: 39254
2863th: 6 { 4432 4428 4426 4404 3404 17 }   support: 0.800351  frequency: 39254
2864th: 7 { 7092 4940 4432 4430 4428 4404 3404 }   support: 0.800351  frequency: 39254
2865th: 10 { 7062 4438 4436 4430 4428 265 260 184 180 170 }   support: 0.800351  frequency: 39254
2866th: 8 { 4940 4432 4430 4426 4404 3404 184 180 }   support: 0.800351  frequency: 39254
2867th: 8 { 7112 7062 4434 4432 4426 4404 3404 170 }   support: 0.800351  frequency: 39254
2868th: 10 { 7112 4940 4438 4428 4404 3404 188 184 180 170 }   support: 0.800351  frequency: 39254
2869th: 9 { 7102 4940 4438 4434 4426 188 184 180 170 }   support: 0.800351  frequency: 39254
2870th: 5 { 7112 7062 4432 4428 17 }   support: 0.800351  frequency: 39254
2871th: 11 { 7092 7062 4436 4434 4432 4430 4428 4426 184 180 170 }   support: 0.800351  frequency: 39254
2872th: 6 { 7112 4438 4434 4428 170 17 }   support: 0.800351  frequency: 39254
2873th: 7 { 7102 7092 7062 4940 4438 4426 188 }   support: 0.80033  frequency: 39253
2874th: 7 { 7102 7092 7062 4438 4428 4404 3404 }   support: 0.80033  frequency: 39253
2875th: 8 { 7112 4434 4432 4426 4404 3404 184 180 }   support: 0.80033  frequency: 39253
2876th: 9 { 7112 7092 4438 4436 4434 4432 4430 184 180 }   support: 0.80033  frequency: 39253
2877th: 10 { 7112 7062 4428 4426 4404 3404 188 184 180 170 }   support: 0.80033  frequency: 39253
2878th: 5 { 7112 7102 4940 4436 188 }   support: 0.80033  frequency: 39253
2879th: 9 { 7062 4940 4438 4434 4432 4430 4428 4404 3404 }   support: 0.80033  frequency: 39253
2880th: 7 { 7092 4432 4428 4426 184 180 17 }   support: 0.80033  frequency: 39253
2881th: 10 { 4940 4438 4434 4432 4428 265 260 188 184 180 }   support: 0.80033  frequency: 39253
2882th: 9 { 7092 4438 4430 265 260 188 184 180 170 }   support: 0.80033  frequency: 39253
2883th: 7 { 7102 7092 4940 4432 4430 184 180 }   support: 0.80033  frequency: 39253
2884th: 5 { 7092 4436 4434 170 17 }   support: 0.80033  frequency: 39253
2885th: 7 { 7092 4940 4432 4430 4428 265 260 }   support: 0.80033  frequency: 39253
2886th: 9 { 4436 4434 4432 4430 4428 4426 188 184 180 }   support: 0.80033  frequency: 39253
2887th: 8 { 4940 4430 4428 4426 4404 3404 188 170 }   support: 0.80033  frequency: 39253
2888th: 7 { 7102 7062 4428 4404 3404 188 170 }   support: 0.80033  frequency: 39253
2889th: 8 { 7102 7062 4940 4436 4432 188 184 180 }   support: 0.80033  frequency: 39253
2890th: 9 { 7062 4438 4426 265 260 184 180 170 17 }   support: 0.80033  frequency: 39253
2891th: 7 { 7102 7092 4940 4436 4434 4432 4426 }   support: 0.80033  frequency: 39253
2892th: 8 { 7112 7102 4438 4436 4430 4428 184 180 }   support: 0.80031  frequency: 39252
2893th: 7 { 7102 4430 4426 188 184 180 170 }   support: 0.80031  frequency: 39252
2894th: 8 { 7092 4436 4428 265 260 188 184 180 }   support: 0.80031  frequency: 39252
2895th: 6 { 7102 4436 4426 4404 3404 170 }   support: 0.80031  frequency: 39252
2896th: 8 { 7102 4438 4428 4404 3404 188 184 180 }   support: 0.80031  frequency: 39252
2897th: 8 { 7112 4940 4434 4404 3404 188 184 180 }   support: 0.80031  frequency: 39252
2898th: 8 { 7092 4940 4434 4432 4428 4426 4404 3404 }   support: 0.80031  frequency: 39252
2899th: 9 { 4434 4432 4430 4426 4404 3404 184 180 170 }   support: 0.80031  frequency: 39252
2900th: 10 { 7112 7092 7062 4438 4436 4434 4430 4428 184 180 }   support: 0.80031  frequency: 39252
2901th: 7 { 7112 7102 4438 4432 4430 4428 4426 }   support: 0.80031  frequency: 39252
2902th: 9 { 7092 4434 4426 4404 3404 265 260 184 180 }   support: 0.80031  frequency: 39252
2903th: 7 { 7112 7092 4940 4436 4434 4430 4428 }   support: 0.80031  frequency: 39252
2904th: 8 { 7092 4438 4428 4404 3404 184 180 17 }   support: 0.80029  frequency: 39251
2905th: 8 { 7112 4438 4432 4430 265 260 184 180 }   support: 0.80029  frequency: 39251
2906th: 10 { 7092 7062 4432 4428 4426 4404 3404 188 184 180 }   support: 0.80029  frequency: 39251
2907th: 5 { 4434 4432 4430 4428 17 }   support: 0.80029  frequency: 39251
2908th: 9 { 7102 7092 7062 4434 4428 188 184 180 170 }   support: 0.80029  frequency: 39251
2909th: 8 { 7112 7092 4438 4436 4434 4426 188 170 }   support: 0.80029  frequency: 39251
2910th: 6 { 7092 4438 4404 3404 3403 188 }   support: 0.80029  frequency: 39251
2911th: 8 { 4438 4432 4430 4426 4404 3404 265 260 }   support: 0.80029  frequency: 39251
2912th: 6 { 7112 7092 4436 4428 4404 3404 }   support: 0.80029  frequency: 39251
2913th: 6 { 4438 4436 4404 3404 188 17 }   support: 0.80029  frequency: 39251
2914th: 6 { 7102 4436 4432 4428 265 260 }   support: 0.80029  frequency: 39251
2915th: 9 { 7112 7102 7062 4940 4436 4434 184 180 170 }   support: 0.80029  frequency: 39251
2916th: 10 { 7062 4940 4438 4432 4428 4426 265 260 188 170 }   support: 0.80029  frequency: 39251
2917th: 8 { 7082 4438 4436 4432 4428 184 180 170 }   support: 0.80029  frequency: 39251
2918th: 9 { 7112 7092 7062 4438 4436 4434 4432 4430 170 }   support: 0.80029  frequency: 39251
2919th: 8 { 7112 7102 4438 4432 188 184 180 170 }   support: 0.80029  frequency: 39251
2920th: 9 { 4430 4426 4404 3404 265 260 184 180 170 }   support: 0.800269  frequency: 39250
2921th: 8 { 7102 7092 7062 4436 4432 4430 184 180 }   support: 0.800269  frequency: 39250
2922th: 10 { 7062 4432 4426 4404 3404 265 260 188 184 180 }   support: 0.800269  frequency: 39250
2923th: 7 { 7082 7062 4438 188 184 180 170 }   support: 0.800269  frequency: 39250
2924th: 8 { 7112 7092 4438 4436 4404 3404 184 180 }   support: 0.800269  frequency: 39250
2925th: 11 { 7112 7092 7062 4940 4438 4434 4428 188 184 180 170 }   support: 0.800269  frequency: 39250
2926th: 7 { 7082 4438 4434 4432 4428 184 180 }   support: 0.800269  frequency: 39250
2927th: 10 { 7062 4940 4438 4436 4432 4430 4428 188 184 180 }   support: 0.800269  frequency: 39250
2928th: 8 { 7112 7102 4940 4438 4436 4432 4428 170 }   support: 0.800269  frequency: 39250
2929th: 7 { 7112 7102 7092 7062 4940 4438 4426 }   support: 0.800269  frequency: 39250
2930th: 10 { 7062 4940 4438 4434 4430 4428 265 260 184 180 }   support: 0.800269  frequency: 39250
2931th: 9 { 7092 7062 4940 4434 4430 4428 4426 188 170 }   support: 0.800269  frequency: 39250
2932th: 7 { 7102 4940 4438 4436 265 260 170 }   support: 0.800269  frequency: 39250
2933th: 6 { 7092 4438 4426 265 260 17 }   support: 0.800269  frequency: 39250
2934th: 7 { 7102 7062 4430 4428 4426 188 170 }   support: 0.800269  frequency: 39250
2935th: 10 { 7062 4434 4432 4426 4404 3404 265 260 184 180 }   support: 0.800269  frequency: 39250
2936th: 11 { 7092 7062 4438 4436 4434 4432 4428 4426 188 184 180 }   support: 0.800269  frequency: 39250
2937th: 8 { 7112 7062 4438 4436 4432 4430 188 170 }   support: 0.800269  frequency: 39250
2938th: 8 { 7112 7102 7092 4940 4438 4436 184 180 }   support: 0.800269  frequency: 39250
2939th: 8 { 7112 7102 7092 7062 4438 4436 4428 4426 }   support: 0.800269  frequency: 39250
2940th: 9 { 7062 4940 4438 4434 4432 4430 4428 265 260 }   support: 0.800249  frequency: 39249
2941th: 11 { 7092 7062 4438 4434 4432 4430 4428 4426 188 184 180 }   support: 0.800249  frequency: 39249
2942th: 8 { 7062 4436 4432 4404 3404 265 260 188 }   support: 0.800249  frequency: 39249
2943th: 10 { 7112 7092 4940 4438 4434 4430 4428 4426 184 180 }   support: 0.800249  frequency: 39249
2944th: 8 { 7062 4940 4432 4430 4426 265 260 170 }   support: 0.800249  frequency: 39249
2945th: 8 { 7112 7092 4940 4436 4434 4432 4426 170 }   support: 0.800249  frequency: 39249
2946th: 4 { 7112 7082 4940 4438 }   support: 0.800249  frequency: 39249
2947th: 9 { 7102 7092 4940 4438 4430 4428 184 180 170 }   support: 0.800249  frequency: 39249
2948th: 7 { 7102 7092 4940 4438 4430 4426 170 }   support: 0.800249  frequency: 39249
2949th: 10 { 7112 7092 4438 4428 4426 4404 3404 184 180 170 }   support: 0.800249  frequency: 39249
2950th: 4 { 7112 7092 7082 4438 }   support: 0.800249  frequency: 39249
2951th: 11 { 7092 7062 4438 4434 4432 4428 4426 4404 3404 184 180 }   support: 0.800249  frequency: 39249
2952th: 7 { 7102 7092 7062 4436 4434 4432 188 }   support: 0.800249  frequency: 39249
2953th: 8 { 7092 4438 4432 4430 4428 4404 3404 188 }   support: 0.800249  frequency: 39249
2954th: 10 { 7062 4940 4430 4428 4426 4404 3404 184 180 170 }   support: 0.800228  frequency: 39248
2955th: 9 { 7062 4940 4438 4436 4434 4428 4426 265 260 }   support: 0.800228  frequency: 39248
2956th: 6 { 4436 4434 4430 4404 3404 188 }   support: 0.800228  frequency: 39248
2957th: 8 { 7102 7092 4436 4432 4430 184 180 170 }   support: 0.800228  frequency: 39248
2958th: 6 { 4438 4436 4434 4428 4426 17 }   support: 0.800228  frequency: 39248
2959th: 8 { 4438 4436 4432 4428 4426 265 260 188 }   support: 0.800228  frequency: 39248
2960th: 10 { 7112 7062 4438 4436 4434 4432 4430 4426 184 180 }   support: 0.800228  frequency: 39248
2961th: 8 { 7112 4436 4432 265 260 184 180 170 }   support: 0.800228  frequency: 39248
2962th: 6 { 4940 4438 4436 4434 170 17 }   support: 0.800228  frequency: 39248
2963th: 10 { 7062 4438 4436 4430 4428 4404 3404 184 180 170 }   support: 0.800228  frequency: 39248
2964th: 8 { 4940 4432 4430 4426 265 260 184 180 }   support: 0.800228  frequency: 39248
2965th: 9 { 7092 4940 4438 4436 4430 188 184 180 170 }   support: 0.800228  frequency: 39248
2966th: 7 { 7112 4438 4436 4434 4426 265 260 }   support: 0.800228  frequency: 39248
2967th: 3 { 7112 4430 17 }   support: 0.800228  frequency: 39248
2968th: 8 { 7092 4940 4432 4428 265 260 188 170 }   support: 0.800228  frequency: 39248
2969th: 8 { 4940 4438 4436 4432 4404 3404 265 260 }   support: 0.800228  frequency: 39248
2970th: 7 { 7112 7102 7092 4438 4434 4432 4426 }   support: 0.800228  frequency: 39248
2971th: 7 { 7112 7092 4940 4432 265 260 170 }   support: 0.800228  frequency: 39248
2972th: 7 { 7112 7092 4940 4436 4434 4430 170 }   support: 0.800228  frequency: 39248
2973th: 9 { 4940 4438 4434 4432 4430 4428 4404 3404 170 }   support: 0.800228  frequency: 39248
2974th: 9 { 7062 4432 4430 4428 4404 3404 265 260 170 }   support: 0.800228  frequency: 39248
2975th: 10 { 7092 7062 4940 4434 4426 4404 3404 184 180 170 }   support: 0.800208  frequency: 39247
2976th: 6 { 7092 4426 4404 3404 170 17 }   support: 0.800208  frequency: 39247
2977th: 9 { 7112 4940 4434 4428 265 260 184 180 170 }   support: 0.800208  frequency: 39247
2978th: 8 { 7112 7092 7062 4940 4436 4430 4428 170 }   support: 0.800208  frequency: 39247
2979th: 9 { 7112 7102 7062 4436 4434 4428 4426 184 180 }   support: 0.800208  frequency: 39247
2980th: 9 { 7092 4940 4436 4432 4428 4426 188 184 180 }   support: 0.800208  frequency: 39247
2981th: 8 { 7112 7092 4940 4438 4434 4432 4426 188 }   support: 0.800208  frequency: 39247
2982th: 10 { 7092 4438 4432 4426 265 260 188 184 180 170 }   support: 0.800208  frequency: 39247
2983th: 8 { 7062 4940 4438 4436 4432 265 260 188 }   support: 0.800208  frequency: 39247
2984th: 8 { 7092 7062 4940 4438 4426 184 180 17 }   support: 0.800208  frequency: 39247
2985th: 8 { 7112 7092 4438 4428 265 260 188 170 }   support: 0.800208  frequency: 39247
2986th: 8 { 4940 4436 4434 265 260 188 184 180 }   support: 0.800208  frequency: 39247
2987th: 9 { 4434 4432 4430 4426 265 260 184 180 170 }   support: 0.800208  frequency: 39247
2988th: 4 { 7112 4436 170 17 }   support: 0.800208  frequency: 39247
2989th: 7 { 4438 4434 4426 4404 3404 170 17 }   support: 0.800208  frequency: 39247
2990th: 9 { 7102 4438 4434 4428 4404 3404 184 180 170 }   support: 0.800208  frequency: 39247
2991th: 7 { 7112 7092 4434 4426 265 260 170 }   support: 0.800188  frequency: 39246
2992th: 9 { 7102 7092 7062 4438 4436 4434 4430 4428 170 }   support: 0.800188  frequency: 39246
2993th: 7 { 7102 7092 4940 4438 4436 4434 188 }   support: 0.800188  frequency: 39246
2994th: 7 { 7112 4940 4438 4436 4434 4404 3404 }   support: 0.800188  frequency: 39246
2995th: 7 { 7062 4940 4432 4428 4426 170 17 }   support: 0.800188  frequency: 39246
2996th: 8 { 7102 4428 4426 265 260 184 180 170 }   support: 0.800188  frequency: 39246
2997th: 6 { 7102 7062 4438 4430 265 260 }   support: 0.800188  frequency: 39246
2998th: 10 { 7112 7062 4438 4434 265 260 188 184 180 170 }   support: 0.800188  frequency: 39246
2999th: 8 { 7102 7092 7062 4940 4438 4434 4430 4428 }   support: 0.800167  frequency: 39245
3000th: 7 { 4434 4430 4426 265 260 188 170 }   support: 0.800167  frequency: 39245
3001th: 5 { 7112 7102 265 260 170 }   support: 0.800167  frequency: 39245
3002th: 7 { 7082 4438 4436 4434 4428 4426 170 }   support: 0.800167  frequency: 39245
3003th: 6 { 7112 7102 4436 4430 4428 4426 }   support: 0.800167  frequency: 39245
3004th: 10 { 7092 7062 4438 4430 4428 4426 4404 3404 184 180 }   support: 0.800167  frequency: 39245
3005th: 8 { 4940 4436 4428 4426 4404 3404 188 170 }   support: 0.800167  frequency: 39245
3006th: 10 { 7062 4940 4438 4436 4432 4428 4404 3404 184 180 }   support: 0.800167  frequency: 39245
3007th: 9 { 7092 4940 4432 4404 3404 265 260 184 180 }   support: 0.800167  frequency: 39245
3008th: 7 { 7112 7062 4434 4430 265 260 170 }   support: 0.800167  frequency: 39245
3009th: 9 { 4940 4438 4430 4404 3404 265 260 184 180 }   support: 0.800167  frequency: 39245
3010th: 6 { 7092 4940 4404 3404 170 17 }   support: 0.800167  frequency: 39245
3011th: 7 { 7102 4438 4432 4426 265 260 170 }   support: 0.800167  frequency: 39245
3012th: 8 { 7112 7092 4438 4436 4434 4428 4426 188 }   support: 0.800167  frequency: 39245
3013th: 8 { 7092 4940 4438 4432 184 180 170 17 }   support: 0.800167  frequency: 39245
3014th: 6 { 7102 7092 7062 4434 4404 3404 }   support: 0.800167  frequency: 39245
3015th: 10 { 7062 4940 4432 4430 4428 4404 3404 184 180 170 }   support: 0.800167  frequency: 39245
3016th: 6 { 7092 4434 4430 265 260 188 }   support: 0.800167  frequency: 39245
3017th: 10 { 7112 7102 4438 4436 4434 4428 4426 184 180 170 }   support: 0.800167  frequency: 39245
3018th: 9 { 4940 4434 4432 4428 4426 4404 3404 188 170 }   support: 0.800167  frequency: 39245
3019th: 8 { 7102 7092 7062 4940 4430 4428 184 180 }   support: 0.800167  frequency: 39245
3020th: 5 { 4436 4434 4428 188 17 }   support: 0.800147  frequency: 39244
3021th: 9 { 4940 4438 4430 4428 265 260 188 184 180 }   support: 0.800147  frequency: 39244
3022th: 6 { 7102 7062 4436 4426 4404 3404 }   support: 0.800147  frequency: 39244
3023th: 7 { 7102 7092 4438 4436 4434 4426 188 }   support: 0.800147  frequency: 39244
3024th: 10 { 7102 7062 4940 4438 4434 4432 4430 184 180 170 }   support: 0.800147  frequency: 39244
3025th: 6 { 7102 4940 4430 4428 188 170 }   support: 0.800147  frequency: 39244
3026th: 7 { 4438 4426 4404 3404 265 260 17 }   support: 0.800147  frequency: 39244
3027th: 5 { 7092 7082 4434 4428 170 }   support: 0.800147  frequency: 39244
3028th: 8 { 7102 7092 4438 4436 4430 4426 184 180 }   support: 0.800147  frequency: 39244
3029th: 8 { 7112 7062 4940 4438 4432 4426 4404 3404 }   support: 0.800147  frequency: 39244
3030th: 6 { 7092 4438 4432 4426 188 17 }   support: 0.800147  frequency: 39244
3031th: 8 { 7112 4438 4434 4404 3404 265 260 188 }   support: 0.800147  frequency: 39244
3032th: 7 { 7092 4438 4436 4430 4428 265 260 }   support: 0.800147  frequency: 39244
3033th: 10 { 7092 7062 4940 4438 4432 4430 4426 188 184 180 }   support: 0.800147  frequency: 39244
3034th: 9 { 4940 4438 4436 4428 4404 3404 265 260 170 }   support: 0.800147  frequency: 39244
3035th: 11 { 7062 4940 4434 4432 4428 4426 4404 3404 184 180 170 }   support: 0.800147  frequency: 39244
3036th: 10 { 7112 7102 4438 4436 4434 4432 4428 184 180 170 }   support: 0.800147  frequency: 39244
3037th: 5 { 4434 4430 4428 4426 17 }   support: 0.800147  frequency: 39244
3038th: 8 { 7112 4940 4438 4434 4432 4428 4404 3404 }   support: 0.800147  frequency: 39244
3039th: 8 { 7112 7102 7092 4438 4436 4434 4432 170 }   support: 0.800147  frequency: 39244
3040th: 11 { 7092 7062 4438 4434 4428 4404 3404 265 260 184 180 }   support: 0.800147  frequency: 39244
3041th: 8 { 7112 7092 7062 4940 4438 4404 3404 188 }   support: 0.800147  frequency: 39244
3042th: 6 { 7112 7102 4940 4436 4432 4426 }   support: 0.800147  frequency: 39244
3043th: 10 { 7062 4940 4436 4428 4426 4404 3404 184 180 170 }   support: 0.800126  frequency: 39243
3044th: 10 { 7112 7062 4940 4438 4436 4430 4426 184 180 170 }   support: 0.800126  frequency: 39243
3045th: 6 { 7092 4940 4436 4430 4426 188 }   support: 0.800126  frequency: 39243
3046th: 8 { 7112 7092 4436 4432 4428 188 184 180 }   support: 0.800126  frequency: 39243
3047th: 8 { 7112 7092 7062 4438 4436 265 260 170 }   support: 0.800126  frequency: 39243
3048th: 8 { 7102 7062 4940 4436 4432 4430 4428 170 }   support: 0.800126  frequency: 39243
3049th: 10 { 7092 4940 4434 4428 4426 4404 3404 184 180 170 }   support: 0.800126  frequency: 39243
3050th: 10 { 4438 4436 4428 4426 4404 3404 265 260 184 180 }   support: 0.800126  frequency: 39243
3051th: 8 { 7092 7062 4940 4438 4436 4426 4404 3404 }   support: 0.800126  frequency: 39243
3052th: 10 { 7092 7062 4438 4430 4428 4426 265 260 184 180 }   support: 0.800126  frequency: 39243
3053th: 8 { 7102 7092 7062 4438 4404 3404 184 180 }   support: 0.800126  frequency: 39243
3054th: 9 { 7062 4430 4404 3404 265 260 188 184 180 }   support: 0.800126  frequency: 39243
3055th: 6 { 7112 7102 4432 4428 188 170 }   support: 0.800126  frequency: 39243
3056th: 8 { 7092 4940 4434 4426 4404 3404 188 170 }   support: 0.800126  frequency: 39243
3057th: 5 { 7112 4404 3404 170 17 }   support: 0.800126  frequency: 39243
3058th: 7 { 7062 4940 4434 4428 4426 170 17 }   support: 0.800126  frequency: 39243
3059th: 10 { 7112 7092 7062 4438 4432 265 260 184 180 170 }   support: 0.800106  frequency: 39242
3060th: 6 { 7102 4940 4432 265 260 170 }   support: 0.800106  frequency: 39242
3061th: 9 { 7102 4438 4436 4432 4428 4426 188 184 180 }   support: 0.800106  frequency: 39242
3062th: 10 { 7062 4940 4438 4436 4432 4428 265 260 184 180 }   support: 0.800106  frequency: 39242
3063th: 8 { 7112 7102 7062 4438 4430 4428 4426 170 }   support: 0.800106  frequency: 39242
3064th: 10 { 7112 7092 7062 4438 4426 4404 3404 184 180 170 }   support: 0.800106  frequency: 39242
3065th: 9 { 7112 7062 4434 4428 4404 3404 188 184 180 }   support: 0.800106  frequency: 39242
3066th: 10 { 7062 4940 4432 4404 3404 265 260 188 184 180 }   support: 0.800106  frequency: 39242
3067th: 9 { 7112 4940 4434 4428 4404 3404 184 180 170 }   support: 0.800106  frequency: 39242
3068th: 8 { 7112 7102 7092 4438 4436 4426 184 180 }   support: 0.800106  frequency: 39242
3069th: 11 { 7062 4940 4438 4434 4404 3404 265 260 188 184 180 }   support: 0.800106  frequency: 39242
3070th: 5 { 7062 4432 4430 4426 17 }   support: 0.800106  frequency: 39242
3071th: 9 { 7112 7092 4940 4438 4436 4434 4432 4428 4426 }   support: 0.800106  frequency: 39242
3072th: 8 { 7112 4438 4430 4428 4426 265 260 170 }   support: 0.800106  frequency: 39242
3073th: 9 { 7112 7092 4940 4438 4434 4432 4430 4428 4426 }   support: 0.800106  frequency: 39242
3074th: 8 { 7092 4940 4434 4428 4404 3404 265 260 }   support: 0.800106  frequency: 39242
3075th: 4 { 7102 7082 4438 188 }   support: 0.800106  frequency: 39242
3076th: 10 { 7102 4438 4436 4432 4430 4428 4426 184 180 170 }   support: 0.800106  frequency: 39242
3077th: 10 { 7062 4434 4428 4426 4404 3404 265 260 188 170 }   support: 0.800106  frequency: 39242
3078th: 9 { 4434 4430 4428 265 260 188 184 180 170 }   support: 0.800106  frequency: 39242
3079th: 9 { 7112 7092 7062 4436 4430 4428 4426 184 180 }   support: 0.800106  frequency: 39242
3080th: 7 { 7112 7102 7092 7062 4436 4432 4428 }   support: 0.800086  frequency: 39241
3081th: 6 { 7092 4438 4436 188 170 17 }   support: 0.800086  frequency: 39241
3082th: 11 { 7092 4438 4434 4432 4428 4404 3404 188 184 180 170 }   support: 0.800086  frequency: 39241
3083th: 8 { 7112 4438 4434 4432 4404 3404 265 260 }   support: 0.800086  frequency: 39241
3084th: 7 { 7062 4438 4436 4430 265 260 188 }   support: 0.800086  frequency: 39241
3085th: 8 { 7112 7092 7062 4432 4428 265 260 170 }   support: 0.800086  frequency: 39241
3086th: 11 { 7092 7062 4438 4434 4432 4428 4426 265 260 184 180 }   support: 0.800086  frequency: 39241
3087th: 7 { 7092 7062 4438 4434 4432 4428 17 }   support: 0.800086  frequency: 39241
3088th: 10 { 7102 7062 4438 4436 4432 4430 4428 4426 184 180 }   support: 0.800086  frequency: 39241
3089th: 8 { 7112 7092 7062 4940 4438 4434 265 260 }   support: 0.800086  frequency: 39241
3090th: 5 { 7112 7082 4438 4434 170 }   support: 0.800086  frequency: 39241
3091th: 10 { 7102 4438 4436 4434 4428 4426 188 184 180 170 }   support: 0.800086  frequency: 39241
3092th: 10 { 7062 4438 4436 4428 4426 4404 3404 265 260 170 }   support: 0.800086  frequency: 39241
3093th: 7 { 7102 4438 4436 4434 4430 4428 188 }   support: 0.800086  frequency: 39241
3094th: 6 { 7102 4434 4404 3404 265 260 }   support: 0.800086  frequency: 39241
3095th: 6 { 7102 4434 4428 4404 3404 188 }   support: 0.800086  frequency: 39241
3096th: 10 { 7112 7092 4940 4438 4434 4426 188 184 180 170 }   support: 0.800086  frequency: 39241
3097th: 8 { 7112 7102 4940 4438 4432 4428 4426 170 }   support: 0.800086  frequency: 39241
3098th: 6 { 7102 4438 4430 265 260 170 }   support: 0.800086  frequency: 39241
3099th: 8 { 7102 7062 4426 265 260 184 180 170 }   support: 0.800065  frequency: 39240
3100th: 8 { 7102 7092 7062 4438 4436 4430 4426 170 }   support: 0.800065  frequency: 39240
3101th: 8 { 7112 7062 4438 4432 4430 4404 3404 170 }   support: 0.800065  frequency: 39240
3102th: 7 { 7112 7092 4940 4428 4426 265 260 }   support: 0.800065  frequency: 39240
3103th: 7 { 7082 4438 4436 4434 4432 4428 170 }   support: 0.800065  frequency: 39240
3104th: 7 { 7112 4436 4430 4428 4426 188 170 }   support: 0.800065  frequency: 39240
3105th: 6 { 7092 7082 7062 4438 4428 4426 }   support: 0.800065  frequency: 39240
3106th: 6 { 4438 4432 4430 188 170 17 }   support: 0.800065  frequency: 39240
3107th: 10 { 7062 4438 4436 4434 4428 265 260 188 184 180 }   support: 0.800065  frequency: 39240
3108th: 8 { 4940 4436 4434 4432 4430 4428 188 170 }   support: 0.800065  frequency: 39240
3109th: 8 { 4438 4436 4430 4426 265 260 184 180 }   support: 0.800065  frequency: 39240
3110th: 9 { 4940 4438 4434 4432 4430 4428 265 260 170 }   support: 0.800065  frequency: 39240
3111th: 8 { 7092 4940 4434 4432 4428 4426 265 260 }   support: 0.800065  frequency: 39240
3112th: 10 { 7112 4438 4436 4434 4432 4430 4426 184 180 170 }   support: 0.800045  frequency: 39239
3113th: 6 { 7102 7092 4940 4434 4432 188 }   support: 0.800045  frequency: 39239
3114th: 10 { 7112 7092 7062 4940 4438 4436 188 184 180 170 }   support: 0.800045  frequency: 39239
3115th: 10 { 7092 4940 4438 4434 4430 4428 4426 188 184 180 }   support: 0.800045  frequency: 39239
3116th: 6 { 7092 4430 4426 265 260 188 }   support: 0.800045  frequency: 39239
3117th: 10 { 7092 4438 4436 4434 4404 3404 188 184 180 170 }   support: 0.800045  frequency: 39239
3118th: 5 { 7082 7062 4940 4428 4426 }   support: 0.800045  frequency: 39239
3119th: 8 { 7112 7092 4436 4434 4432 188 184 180 }   support: 0.800045  frequency: 39239
3120th: 8 { 7092 7062 4940 4434 4432 4426 4404 3404 }   support: 0.800045  frequency: 39239
3121th: 6 { 7102 7092 4940 4438 265 260 }   support: 0.800024  frequency: 39238
3122th: 10 { 7062 4438 4436 4434 4428 4404 3404 265 260 170 }   support: 0.800024  frequency: 39238
3123th: 7 { 4434 4432 4430 4426 4404 3404 188 }   support: 0.800024  frequency: 39238
3124th: 11 { 7112 7062 4438 4436 4434 4428 4426 188 184 180 170 }   support: 0.800024  frequency: 39238
3125th: 8 { 7092 4438 4404 3404 3403 184 180 170 }   support: 0.800024  frequency: 39238
3126th: 10 { 7062 4940 4436 4428 4426 265 260 184 180 170 }   support: 0.800024  frequency: 39238
3127th: 6 { 7102 4940 4438 4432 4430 188 }   support: 0.800024  frequency: 39238
3128th: 10 { 7062 4940 4432 4430 4428 265 260 184 180 170 }   support: 0.800024  frequency: 39238
3129th: 11 { 7102 7062 4438 4436 4434 4432 4430 4428 184 180 170 }   support: 0.800024  frequency: 39238
3130th: 7 { 7102 7092 4434 4432 4430 4428 4426 }   support: 0.800024  frequency: 39238
3131th: 7 { 7112 7102 7062 4438 4432 4428 188 }   support: 0.800024  frequency: 39238
3132th: 6 { 4434 4404 3404 3403 188 170 }   support: 0.800024  frequency: 39238
3133th: 9 { 7092 4436 4434 4430 4428 188 184 180 170 }   support: 0.800004  frequency: 39237
3134th: 9 { 7062 4436 4428 4404 3404 265 260 188 170 }   support: 0.800004  frequency: 39237
3135th: 6 { 7112 7092 4430 265 260 170 }   support: 0.800004  frequency: 39237
3136th: 7 { 7102 7062 4438 4432 4426 265 260 }   support: 0.800004  frequency: 39237
3137th: 6 { 7102 7092 4436 4432 4430 4426 }   support: 0.800004  frequency: 39237
3138th: 8 { 7102 7062 4940 4438 4436 4432 4428 188 }   support: 0.800004  frequency: 39237
3139th: 10 { 7092 7062 4438 4432 4430 4428 265 260 184 180 }   support: 0.800004  frequency: 39237
3140th: 9 { 7102 7092 4438 4436 4434 4430 4428 184 180 }   support: 0.800004  frequency: 39237
3141th: 10 { 7102 7092 7062 4940 4436 4434 4428 184 180 170 }   support: 0.800004  frequency: 39237
3142th: 8 { 7112 4940 4438 4436 4432 4426 188 170 }   support: 0.800004  frequency: 39237
3143th: 8 { 7112 7092 4438 4436 4432 4430 4426 170 }   support: 0.800004  frequency: 39237
3144th: 8 { 7062 4438 4430 188 184 180 170 17 }   support: 0.800004  frequency: 39237
3145th: 8 { 7092 4940 4434 4432 4430 4428 4426 188 }   support: 0.800004  frequency: 39237
==================================================================
